"unitid","institution name","year","EF2017A.Level of student","EF2017A.Grand total","EF2017A.Grand total women","EF2017A.Asian total","EF2017A.Black or African American total","EF2017A.Hispanic total","IDX_EF"
"100654","Alabama A & M University","2017","All students, Undergraduate total","5038","2904","9","4556","48","-2"
"100690","Amridge University","2017","All students, Undergraduate total","322","205","1","46","2","-2"
"100724","Alabama State University","2017","All students, Undergraduate total","4208","2611","13","3944","40","-2"
"100830","Auburn University at Montgomery","2017","All students, Undergraduate total","4313","2775","112","1641","53","-2"
"101189","Faulkner University","2017","All students, Undergraduate total","2672","1612","14","1153","49","-2"
"101480","Jacksonville State University","2017","All students, Undergraduate total","7491","4292","55","1333","68","-2"
"101587","University of West Alabama","2017","All students, Undergraduate total","2111","1169","4","933","39","-2"
"101709","University of Montevallo","2017","All students, Undergraduate total","2346","1582","22","374","123","-2"
"101879","University of North Alabama","2017","All students, Undergraduate total","6064","3626","38","892","192","-2"
"102049","Samford University","2017","All students, Undergraduate total","3373","2229","33","233","105","-2"
"102368","Troy University","2017","All students, Undergraduate total","14000","8404","125","4154","526","-2"
"102377","Tuskegee University","2017","All students, Undergraduate total","2833","1790","20","2269","22","-2"
"102553","University of Alaska Anchorage","2017","All students, Undergraduate total","14955","8627","1176","453","1247","-2"
"102632","University of Alaska Southeast","2017","All students, Undergraduate total","2060","1366","72","26","129","-2"
"102669","Alaska Pacific University","2017","All students, Undergraduate total","296","193","6","11","15","-2"
"105367","Ottawa University-Phoenix","2017","All students, Undergraduate total","340","250","6","39","71","-2"
"105589","Prescott College","2017","All students, Undergraduate total","390","233","1","7","33","-2"
"106458","Arkansas State University-Main Campus","2017","All students, Undergraduate total","9604","5723","87","1213","268","-2"
"106467","Arkansas Tech University","2017","All students, Undergraduate total","10781","5836","157","742","828","-2"
"106485","University of Arkansas at Monticello","2017","All students, Undergraduate total","3417","1978","18","871","144","-2"
"106704","University of Central Arkansas","2017","All students, Undergraduate total","9548","5603","204","1565","501","-2"
"107044","Harding University","2017","All students, Undergraduate total","4184","2308","31","177","138","-2"
"107071","Henderson State University","2017","All students, Undergraduate total","2832","1588","21","609","147","-2"
"107141","John Brown University","2017","All students, Undergraduate total","1972","1125","41","40","114","-2"
"107983","Southern Arkansas University Main Campus","2017","All students, Undergraduate total","3475","1909","37","911","125","-2"
"110361","California Baptist University","2017","All students, Undergraduate total","7414","4637","383","525","2639","-2"
"110413","California Lutheran University","2017","All students, Undergraduate total","2963","1700","154","108","944","-2"
"110422","California Polytechnic State University-San Luis Obispo","2017","All students, Undergraduate total","21351","10198","2750","162","3592","-2"
"110486","California State University-Bakersfield","2017","All students, Undergraduate total","8814","5346","625","505","4981","-2"
"110495","California State University-Stanislaus","2017","All students, Undergraduate total","9057","5937","887","209","4727","-2"
"110510","California State University-San Bernardino","2017","All students, Undergraduate total","18327","10963","1009","941","11622","-2"
"110529","California State Polytechnic University-Pomona","2017","All students, Undergraduate total","24319","11232","5376","815","10527","-2"
"110538","California State University-Chico","2017","All students, Undergraduate total","16710","8850","895","428","5454","-2"
"110547","California State University-Dominguez Hills","2017","All students, Undergraduate total","13278","8331","1189","1612","8218","-2"
"110574","California State University-East Bay","2017","All students, Undergraduate total","13474","8309","3151","1337","4559","-2"
"110583","California State University-Long Beach","2017","All students, Undergraduate total","31566","17844","7019","1210","13141","-2"
"110592","California State University-Los Angeles","2017","All students, Undergraduate total","24818","14206","3362","890","16235","-2"
"110608","California State University-Northridge","2017","All students, Undergraduate total","35839","19369","3750","1702","17079","-2"
"110617","California State University-Sacramento","2017","All students, Undergraduate total","28454","15926","5888","1687","8779","-2"
"111948","Chapman University","2017","All students, Undergraduate total","7020","4234","795","117","1023","-2"
"112075","Concordia University-Irvine","2017","All students, Undergraduate total","1853","1144","149","83","412","-2"
"113698","Dominican University of California","2017","All students, Undergraduate total","1302","960","336","66","266","-2"
"114813","Fresno Pacific University","2017","All students, Undergraduate total","2803","1998","114","147","1375","-2"
"115083","Golden Gate University-San Francisco","2017","All students, Undergraduate total","429","183","46","46","68","-2"
"115728","Holy Names University","2017","All students, Undergraduate total","591","376","51","109","256","-2"
"115755","Humboldt State University","2017","All students, Undergraduate total","7862","4464","229","280","2731","-2"
"116712","John F. Kennedy University","2017","All students, Undergraduate total","96","57","12","12","14","-2"
"117627","La Sierra University","2017","All students, Undergraduate total","2029","1214","310","140","951","-2"
"117751","The Master's University and Seminary","2017","All students, Undergraduate total","1344","621","66","27","137","-2"
"117946","Loyola Marymount University","2017","All students, Undergraduate total","6391","3554","644","431","1356","-2"
"118888","Mills College","2017","All students, Undergraduate total","761","761","72","71","215","-2"
"119058","Middlebury Institute of International Studies at Monterey","2017","All students, Undergraduate total","13","3","1","0","4","-2"
"119173","Mount Saint Mary's University","2017","All students, Undergraduate total","2602","2439","390","170","1663","-2"
"119605","National University","2017","All students, Undergraduate total","7877","4367","710","746","2008","-2"
"120184","Notre Dame de Namur University","2017","All students, Undergraduate total","924","616","102","53","401","-2"
"120537","Hope International University","2017","All students, Undergraduate total","868","500","48","60","244","-2"
"121309","Point Loma Nazarene University","2017","All students, Undergraduate total","3100","2022","206","66","818","-2"
"121691","University of Redlands","2017","All students, Undergraduate total","3130","1784","181","122","978","-2"
"122755","San Jose State University","2017","All students, Undergraduate total","27778","13328","9904","944","7742","-2"
"122931","Santa Clara University","2017","All students, Undergraduate total","5499","2742","881","180","976","-2"
"123457","Simpson University","2017","All students, Undergraduate total","777","505","39","33","118","-2"
"123554","Saint Mary's College of California","2017","All students, Undergraduate total","2777","1650","293","115","755","-2"
"123572","Sonoma State University","2017","All students, Undergraduate total","8667","5406","428","206","2818","-2"
"123651","Vanguard University of Southern California","2017","All students, Undergraduate total","1840","1199","55","92","719","-2"
"125897","Woodbury University","2017","All students, Undergraduate total","1024","517","93","33","318","-2"
"126182","Adams State University","2017","All students, Undergraduate total","1960","920","13","116","727","-2"
"126580","University of Colorado Colorado Springs","2017","All students, Undergraduate total","10808","5658","358","429","1962","-2"
"126669","Colorado Christian University","2017","All students, Undergraduate total","6537","4316","172","692","855","-2"
"126827","Colorado Technical University-Colorado Springs","2017","All students, Undergraduate total","22306","14065","183","6281","593","-2"
"127565","Metropolitan State University of Denver","2017","All students, Undergraduate total","19666","10492","801","1218","5234","-2"
"127653","Naropa University","2017","All students, Undergraduate total","397","257","5","4","42","-2"
"127918","Regis University","2017","All students, Undergraduate total","4084","2459","190","154","796","-2"
"128106","Colorado State University-Pueblo","2017","All students, Undergraduate total","4621","2385","69","278","1450","-2"
"128391","Western State Colorado University","2017","All students, Undergraduate total","2431","1057","19","66","302","-2"
"128498","Albertus Magnus College","2017","All students, Undergraduate total","1128","761","7","401","213","-2"
"128744","University of Bridgeport","2017","All students, Undergraduate total","3129","2011","119","1060","683","-2"
"128771","Central Connecticut State University","2017","All students, Undergraduate total","9554","4478","420","1206","1380","-2"
"129215","Eastern Connecticut State University","2017","All students, Undergraduate total","5073","2878","164","438","522","-2"
"129242","Fairfield University","2017","All students, Undergraduate total","4113","2477","94","91","308","-2"
"129941","University of New Haven","2017","All students, Undergraduate total","5216","2748","159","610","601","-2"
"130183","Post University","2017","All students, Undergraduate total","7844","5132","78","1927","581","-2"
"130226","Quinnipiac University","2017","All students, Undergraduate total","7305","4456","245","296","685","-2"
"130253","Sacred Heart University","2017","All students, Undergraduate total","5603","3581","115","252","582","-2"
"130314","University of Saint Joseph","2017","All students, Undergraduate total","810","790","38","112","122","-2"
"130493","Southern Connecticut State University","2017","All students, Undergraduate total","7947","4770","264","1345","1300","-2"
"130776","Western Connecticut State University","2017","All students, Undergraduate total","5082","2620","202","527","924","-2"
"130934","Delaware State University","2017","All students, Undergraduate total","4050","2651","19","2790","255","-2"
"131399","University of the District of Columbia","2017","All students, Undergraduate total","3859","2216","74","2292","438","-2"
"131450","Gallaudet University","2017","All students, Undergraduate total","1129","637","47","181","100","-2"
"131803","Strayer University-District of Columbia","2017","All students, Undergraduate total","691","450","7","544","57","-2"
"131876","Trinity Washington University","2017","All students, Undergraduate total","1534","1474","14","892","382","-2"
"132657","Lynn University","2017","All students, Undergraduate total","2204","1055","22","233","333","-2"
"133553","Embry-Riddle Aeronautical University-Daytona Beach","2017","All students, Undergraduate total","5729","1246","262","311","401","-2"
"134079","Florida Southern College","2017","All students, Undergraduate total","2615","1705","68","130","270","-2"
"134237","Full Sail University","2017","All students, Undergraduate total","16908","4681","441","4114","2910","-2"
"134945","Jacksonville University","2017","All students, Undergraduate total","2877","1746","65","548","317","-2"
"135081","Keiser University-Ft Lauderdale","2017","All students, Undergraduate total","16760","11709","336","3653","5512","-2"
"136172","University of North Florida","2017","All students, Undergraduate total","14255","7983","668","1336","1681","-2"
"136330","Palm Beach Atlantic University","2017","All students, Undergraduate total","3003","1906","73","287","441","-2"
"136950","Rollins College","2017","All students, Undergraduate total","2612","1563","88","127","498","-2"
"137032","Saint Leo University","2017","All students, Undergraduate total","9671","5710","146","3284","1187","-2"
"137476","St Thomas University","2017","All students, Undergraduate total","2906","1675","37","308","1599","-2"
"137546","Stetson University","2017","All students, Undergraduate total","3065","1756","71","235","484","-2"
"137564","Southeastern University","2017","All students, Undergraduate total","6240","3501","108","837","1156","-2"
"137847","The University of Tampa","2017","All students, Undergraduate total","7971","4654","158","403","1001","-2"
"138716","Albany State University","2017","All students, Undergraduate total","6262","4450","38","4321","145","-2"
"138789","Armstrong State University","2017","All students, Undergraduate total","6281","4176","223","1654","527","-2"
"139144","Berry College","2017","All students, Undergraduate total","1978","1200","41","101","130","-2"
"139199","Brenau University","2017","All students, Undergraduate total","1736","1575","33","556","145","-2"
"139311","Clayton  State University","2017","All students, Undergraduate total","6555","4527","395","3989","393","-2"
"139366","Columbus State University","2017","All students, Undergraduate total","6799","4041","165","2569","419","-2"
"139579","South University-Savannah","2017","All students, Undergraduate total","497","311","8","221","35","139579"
"139719","Fort Valley State University","2017","All students, Undergraduate total","2344","1381","5","2162","35","-2"
"139764","Georgia Southwestern State University","2017","All students, Undergraduate total","2606","1643","44","649","144","-2"
"139861","Georgia College & State University","2017","All students, Undergraduate total","5987","3727","89","340","322","-2"
"140818","Piedmont College","2017","All students, Undergraduate total","1281","847","14","127","104","-2"
"140960","Savannah State University","2017","All students, Undergraduate total","4239","2548","1","3500","305","-2"
"141167","Thomas University","2017","All students, Undergraduate total","1118","712","4","131","36","-2"
"141486","Chaminade University of Honolulu","2017","All students, Undergraduate total","1810","1235","503","111","116","-2"
"141565","University of Hawaii at Hilo","2017","All students, Undergraduate total","2971","1880","473","39","448","-2"
"141644","Hawaii Pacific University","2017","All students, Undergraduate total","3560","2130","533","186","513","-2"
"142461","Northwest Nazarene University","2017","All students, Undergraduate total","1480","870","27","33","136","-2"
"143118","Aurora University","2017","All students, Undergraduate total","3933","2539","87","331","1171","-2"
"143358","Bradley University","2017","All students, Undergraduate total","4649","2354","165","332","475","-2"
"144005","Chicago State University","2017","All students, Undergraduate total","2029","1413","6","1515","158","-2"
"144281","Columbia College Chicago","2017","All students, Undergraduate total","7027","4093","296","852","1032","-2"
"144351","Concordia University-Chicago","2017","All students, Undergraduate total","1458","863","38","193","421","-2"
"144892","Eastern Illinois University","2017","All students, Undergraduate total","5568","3319","93","1025","543","-2"
"144962","Elmhurst College","2017","All students, Undergraduate total","2875","1752","147","145","583","-2"
"145336","Governors State University","2017","All students, Undergraduate total","3326","2111","59","1328","438","-2"
"145372","Greenville University","2017","All students, Undergraduate total","985","479","13","131","59","-2"
"146339","Judson University","2017","All students, Undergraduate total","1081","598","22","100","241","-2"
"146612","Lewis University","2017","All students, Undergraduate total","4506","2373","195","236","889","-2"
"147013","McKendree University","2017","All students, Undergraduate total","2104","1138","13","280","94","-2"
"147660","North Central College","2017","All students, Undergraduate total","2769","1506","85","106","408","-2"
"147679","North Park University","2017","All students, Undergraduate total","2029","1281","171","160","546","-2"
"147776","Northeastern Illinois University","2017","All students, Undergraduate total","7113","3963","622","863","2656","-2"
"147828","Olivet Nazarene University","2017","All students, Undergraduate total","3371","1989","86","288","253","-2"
"148131","Quincy University","2017","All students, Undergraduate total","989","483","11","107","39","-2"
"148335","Robert Morris University Illinois","2017","All students, Undergraduate total","2003","879","57","504","635","-2"
"148405","Rockford University","2017","All students, Undergraduate total","1062","584","28","99","156","-2"
"148487","Roosevelt University","2017","All students, Undergraduate total","2578","1637","150","426","636","-2"
"148496","Dominican University","2017","All students, Undergraduate total","2171","1451","73","144","1102","-2"
"148584","University of St Francis","2017","All students, Undergraduate total","1599","1046","30","128","326","-2"
"148627","Saint Xavier University","2017","All students, Undergraduate total","2942","1883","93","340","1107","-2"
"148654","University of Illinois at Springfield","2017","All students, Undergraduate total","2932","1451","87","391","260","-2"
"149231","Southern Illinois University-Edwardsville","2017","All students, Undergraduate total","11402","6038","230","1568","521","-2"
"149772","Western Illinois University","2017","All students, Undergraduate total","7599","3846","67","1657","911","-2"
"150066","Anderson University","2017","All students, Undergraduate total","1566","921","22","145","34","-2"
"150145","Bethel College-Indiana","2017","All students, Undergraduate total","1330","847","22","129","109","-2"
"150163","Butler University","2017","All students, Undergraduate total","4293","2597","141","165","160","-2"
"150172","Calumet College of Saint Joseph","2017","All students, Undergraduate total","624","282","8","139","185","-2"
"150534","University of Evansville","2017","All students, Undergraduate total","2342","1310","50","70","70","-2"
"150677","Grace College and Theological Seminary","2017","All students, Undergraduate total","1762","1052","18","59","98","-2"
"151102","Indiana University-Purdue University-Fort Wayne","2017","All students, Undergraduate total","9957","5551","315","489","628","-2"
"151263","University of Indianapolis","2017","All students, Undergraduate total","4488","2868","80","411","268","-2"
"151306","University of Southern Indiana","2017","All students, Undergraduate total","9688","6017","146","377","305","-2"
"151342","Indiana University-South Bend","2017","All students, Undergraduate total","4876","3014","82","383","547","-2"
"151360","Indiana University-Northwest","2017","All students, Undergraduate total","3700","2601","108","648","820","-2"
"151379","Indiana University-Southeast","2017","All students, Undergraduate total","4823","2894","69","332","186","-2"
"151388","Indiana University-East","2017","All students, Undergraduate total","3292","2091","37","166","128","-2"
"151786","Marian University","2017","All students, Undergraduate total","2303","1424","52","241","116","-2"
"151801","Indiana Wesleyan University-Marion","2017","All students, Undergraduate total","2799","1812","43","101","107","-2"
"152336","University of Saint Francis-Fort Wayne","2017","All students, Undergraduate total","1906","1357","28","132","143","-2"
"152600","Valparaiso University","2017","All students, Undergraduate total","3224","1772","74","189","300","-2"
"153269","Drake University","2017","All students, Undergraduate total","3098","1774","104","149","155","-2"
"153278","University of Dubuque","2017","All students, Undergraduate total","1958","818","33","298","176","-2"
"153366","Graceland University-Lamoni","2017","All students, Undergraduate total","1403","789","16","135","130","-2"
"153861","Maharishi University of Management","2017","All students, Undergraduate total","324","190","10","28","26","-2"
"154004","Morningside College","2017","All students, Undergraduate total","1322","700","11","27","102","-2"
"154013","Mount Mercy University","2017","All students, Undergraduate total","1517","1026","31","102","17","-2"
"154022","Ashford University","2017","All students, Undergraduate total","31546","22098","468","11197","4013","-2"
"154095","University of Northern Iowa","2017","All students, Undergraduate total","9961","5724","136","271","390","-2"
"154235","Saint Ambrose University","2017","All students, Undergraduate total","2368","1327","33","110","181","-2"
"154493","Upper Iowa University","2017","All students, Undergraduate total","4271","2637","68","765","233","-2"
"154590","William Penn University","2017","All students, Undergraduate total","1282","617","18","254","115","-2"
"154688","Baker University","2017","All students, Undergraduate total","1771","1003","27","161","117","-2"
"155025","Emporia State University","2017","All students, Undergraduate total","3605","2248","32","161","249","-2"
"155061","Fort Hays State University","2017","All students, Undergraduate total","12494","7480","119","452","950","-2"
"155089","Friends University","2017","All students, Undergraduate total","1146","642","10","98","121","-2"
"155335","Newman University","2017","All students, Undergraduate total","2810","1729","178","93","409","-2"
"155520","MidAmerica Nazarene University","2017","All students, Undergraduate total","1308","766","22","158","107","-2"
"155681","Pittsburg State University","2017","All students, Undergraduate total","5706","2741","52","209","328","-2"
"155812","University of Saint Mary","2017","All students, Undergraduate total","748","389","14","87","108","-2"
"155900","Southwestern College","2017","All students, Undergraduate total","1147","421","15","119","105","-2"
"156082","Washburn University","2017","All students, Undergraduate total","5873","3514","58","321","639","-2"
"156213","Asbury University","2017","All students, Undergraduate total","1733","1046","31","69","94","-2"
"156286","Bellarmine University","2017","All students, Undergraduate total","2544","1637","56","115","99","-2"
"156365","Campbellsville University","2017","All students, Undergraduate total","3704","2194","20","336","106","-2"
"156620","Eastern Kentucky University","2017","All students, Undergraduate total","14143","8108","104","794","396","-2"
"157216","Lindsey Wilson College","2017","All students, Undergraduate total","2068","1262","16","164","15","-2"
"157377","Midway University","2017","All students, Undergraduate total","1002","748","5","75","49","-2"
"157386","Morehead State University","2017","All students, Undergraduate total","9661","5767","62","302","176","-2"
"157401","Murray State University","2017","All students, Undergraduate total","8559","5120","75","498","161","-2"
"157447","Northern Kentucky University","2017","All students, Undergraduate total","12329","6962","152","832","398","-2"
"157793","Sullivan University","2017","All students, Undergraduate total","2594","1573","47","439","2","-2"
"157809","Thomas More College","2017","All students, Undergraduate total","1880","952","16","124","44","-2"
"157863","Union College","2017","All students, Undergraduate total","1094","561","4","140","31","-2"
"157951","Western Kentucky University","2017","All students, Undergraduate total","17656","10360","300","1494","593","-2"
"159009","Grambling State University","2017","All students, Undergraduate total","4079","2374","6","3645","58","-2"
"159416","Louisiana State University-Shreveport","2017","All students, Undergraduate total","2638","1579","65","570","111","-2"
"159568","Louisiana College","2017","All students, Undergraduate total","987","449","11","250","26","-2"
"159656","Loyola University New Orleans","2017","All students, Undergraduate total","2602","1616","85","375","419","-2"
"159717","McNeese State University","2017","All students, Undergraduate total","6926","4150","109","1129","213","-2"
"159966","Nicholls State University","2017","All students, Undergraduate total","5685","3620","58","1117","195","-2"
"160038","Northwestern State University of Louisiana","2017","All students, Undergraduate total","9443","6537","80","2692","573","-2"
"160612","Southeastern Louisiana University","2017","All students, Undergraduate total","13317","8249","152","2503","991","-2"
"160621","Southern University and A & M College","2017","All students, Undergraduate total","5149","3320","19","4828","28","-2"
"160630","Southern University at New Orleans","2017","All students, Undergraduate total","2108","1517","14","1631","21","-2"
"160904","Xavier University of Louisiana","2017","All students, Undergraduate total","2293","1680","166","1777","72","-2"
"161457","University of New England","2017","All students, Undergraduate total","4423","3313","235","108","6","-2"
"161518","Saint Joseph's College of Maine","2017","All students, Undergraduate total","1533","975","29","27","37","-2"
"161554","University of Southern Maine","2017","All students, Undergraduate total","6110","3507","137","314","170","-2"
"161563","Thomas College","2017","All students, Undergraduate total","1663","865","20","50","17","-2"
"161873","University of Baltimore","2017","All students, Undergraduate total","2949","1714","133","1389","113","-2"
"162007","Bowie State University","2017","All students, Undergraduate total","5187","3223","59","4367","204","-2"
"162210","Washington Adventist University","2017","All students, Undergraduate total","873","541","41","404","131","-2"
"162283","Coppin State University","2017","All students, Undergraduate total","2507","1914","16","1969","59","-2"
"162584","Frostburg State University","2017","All students, Undergraduate total","4725","2458","106","1483","264","-2"
"162760","Hood College","2017","All students, Undergraduate total","1128","694","32","189","120","-2"
"163046","Loyola University Maryland","2017","All students, Undergraduate total","3924","2267","149","209","379","-2"
"163204","University of Maryland-University College","2017","All students, Undergraduate total","45604","20193","2108","11959","5938","-2"
"163462","Mount St. Mary's University","2017","All students, Undergraduate total","1817","948","52","309","195","-2"
"163578","Notre Dame of Maryland University","2017","All students, Undergraduate total","816","775","59","248","78","-2"
"163851","Salisbury University","2017","All students, Undergraduate total","7782","4352","281","1096","313","-2"
"164076","Towson University","2017","All students, Undergraduate total","19596","11713","1151","4070","1514","-2"
"164173","Stevenson University","2017","All students, Undergraduate total","3397","2244","123","936","195","-2"
"164492","Anna Maria College","2017","All students, Undergraduate total","1120","627","18","141","128","-2"
"164562","Assumption College","2017","All students, Undergraduate total","2084","1224","51","114","149","-2"
"164632","Bay Path University","2017","All students, Undergraduate total","1947","1947","40","253","372","-2"
"164739","Bentley University","2017","All students, Undergraduate total","4272","1762","347","145","300","-2"
"165024","Bridgewater State University","2017","All students, Undergraduate total","9558","5617","186","1062","677","-2"
"165167","Cambridge College","2017","All students, Undergraduate total","750","518","14","223","254","-2"
"165529","Curry College","2017","All students, Undergraduate total","2565","1532","64","288","177","-2"
"165644","Eastern Nazarene College","2017","All students, Undergraduate total","694","394","17","146","87","-2"
"165662","Emerson College","2017","All students, Undergraduate total","3812","2266","174","119","456","-2"
"165699","Endicott College","2017","All students, Undergraduate total","3344","2090","39","71","153","-2"
"165820","Fitchburg State University","2017","All students, Undergraduate total","4117","2177","109","399","503","-2"
"165866","Framingham State University","2017","All students, Undergraduate total","4126","2440","130","459","572","-2"
"166391","Lasell College","2017","All students, Undergraduate total","1731","1101","35","113","157","-2"
"166692","Massachusetts Maritime Academy","2017","All students, Undergraduate total","1688","223","23","24","70","-2"
"166850","Merrimack College","2017","All students, Undergraduate total","3535","1812","48","121","254","-2"
"167394","College of Our Lady of the Elms","2017","All students, Undergraduate total","1174","867","25","103","159","-2"
"167729","Salem State University","2017","All students, Undergraduate total","7110","4391","241","700","1116","-2"
"167783","Simmons College","2017","All students, Undergraduate total","1739","1731","173","112","105","-2"
"167899","Springfield College","2017","All students, Undergraduate total","2227","1097","41","124","178","-2"
"168227","Wentworth Institute of Technology","2017","All students, Undergraduate total","4265","875","307","179","422","-2"
"168254","Western New England University","2017","All students, Undergraduate total","2736","1015","85","152","237","-2"
"168263","Westfield State University","2017","All students, Undergraduate total","5584","2998","89","279","567","-2"
"168290","Wheelock College","2017","All students, Undergraduate total","612","502","22","85","103","-2"
"168430","Worcester State University","2017","All students, Undergraduate total","5495","3232","245","459","650","-2"
"168786","Aquinas College","2017","All students, Undergraduate total","1551","939","22","57","104","-2"
"169479","Davenport University","2017","All students, Undergraduate total","5597","3121","148","633","248","-2"
"169716","University of Detroit Mercy","2017","All students, Undergraduate total","2843","1788","152","383","150","-2"
"169910","Ferris State University","2017","All students, Undergraduate total","12512","6573","204","930","674","-2"
"169983","Kettering University","2017","All students, Undergraduate total","1889","355","71","53","96","-2"
"170037","Cornerstone University","2017","All students, Undergraduate total","1755","1084","35","205","90","-2"
"170082","Grand Valley State University","2017","All students, Undergraduate total","21937","12924","546","1068","1176","-2"
"170675","Lawrence Technological University","2017","All students, Undergraduate total","2191","574","58","132","67","-2"
"170806","Madonna University","2017","All students, Undergraduate total","2456","1593","34","286","101","-2"
"170842","Marygrove College","2017","All students, Undergraduate total","285","184","0","172","21","-2"
"171137","University of Michigan-Dearborn","2017","All students, Undergraduate total","7132","3320","584","640","391","-2"
"171146","University of Michigan-Flint","2017","All students, Undergraduate total","6434","3921","108","821","287","-2"
"171456","Northern Michigan University","2017","All students, Undergraduate total","7018","3824","36","145","227","-2"
"172051","Saginaw Valley State University","2017","All students, Undergraduate total","7846","4643","60","653","338","-2"
"172264","Siena Heights University","2017","All students, Undergraduate total","2302","1332","26","240","137","-2"
"172334","Spring Arbor University","2017","All students, Undergraduate total","1957","1296","20","202","80","-2"
"173045","Augsburg University","2017","All students, Undergraduate total","2427","1319","207","322","184","-2"
"173124","Bemidji State University","2017","All students, Undergraduate total","4815","2778","59","106","118","-2"
"173160","Bethel University","2017","All students, Undergraduate total","2901","1800","101","124","131","-2"
"173328","Concordia University-Saint Paul","2017","All students, Undergraduate total","2870","1684","236","332","125","-2"
"173665","Hamline University","2017","All students, Undergraduate total","2168","1318","147","186","186","-2"
"173920","Minnesota State University-Mankato","2017","All students, Undergraduate total","12782","6776","489","680","565","-2"
"173984","Argosy University-Twin Cities","2017","All students, Undergraduate total","1067","916","72","111","62","-2"
"174020","Metropolitan State University","2017","All students, Undergraduate total","7317","4286","1104","1480","451","-2"
"174233","University of Minnesota-Duluth","2017","All students, Undergraduate total","10118","4799","350","220","271","-2"
"174358","Minnesota State University Moorhead","2017","All students, Undergraduate total","5130","3119","73","175","173","-2"
"174491","University of Northwestern-St Paul","2017","All students, Undergraduate total","3328","2028","96","92","125","-2"
"174783","Saint Cloud State University","2017","All students, Undergraduate total","13128","7006","749","824","431","-2"
"174817","Saint Mary's University of Minnesota","2017","All students, Undergraduate total","1503","793","38","123","118","-2"
"174899","The College of Saint Scholastica","2017","All students, Undergraduate total","2676","1904","63","76","99","-2"
"175005","St Catherine University","2017","All students, Undergraduate total","3158","3042","345","323","276","-2"
"175078","Southwest Minnesota State University","2017","All students, Undergraduate total","6713","3961","117","150","253","-2"
"175272","Winona State University","2017","All students, Undergraduate total","7460","4730","177","224","248","-2"
"175342","Alcorn State University","2017","All students, Undergraduate total","3172","2032","3","2885","28","-2"
"175421","Belhaven University","2017","All students, Undergraduate total","2482","1628","22","1087","128","-2"
"175616","Delta State University","2017","All students, Undergraduate total","3037","1813","29","912","66","-2"
"176035","Mississippi University for Women","2017","All students, Undergraduate total","2577","2061","44","918","8","-2"
"176044","Mississippi Valley State University","2017","All students, Undergraduate total","1977","1203","10","1779","28","-2"
"176053","Mississippi College","2017","All students, Undergraduate total","3242","2013","65","582","95","-2"
"176479","William Carey University","2017","All students, Undergraduate total","3097","1896","69","848","71","-2"
"176628","Avila University","2017","All students, Undergraduate total","1272","761","22","263","97","-2"
"176965","University of Central Missouri","2017","All students, Undergraduate total","9801","5468","93","943","443","-2"
"177065","Columbia College","2017","All students, Undergraduate total","12754","7286","227","2799","1168","-2"
"177214","Drury University","2017","All students, Undergraduate total","3279","1996","38","123","144","-2"
"177339","Evangel University","2017","All students, Undergraduate total","1631","905","23","64","89","-2"
"177418","Fontbonne University","2017","All students, Undergraduate total","893","550","20","101","14","-2"
"177940","Lincoln University","2017","All students, Undergraduate total","2512","1445","20","1184","59","-2"
"178244","Missouri Baptist University","2017","All students, Undergraduate total","4508","2762","53","302","37","-2"
"178615","Truman State University","2017","All students, Undergraduate total","5898","3459","161","201","166","-2"
"178624","Northwest Missouri State University","2017","All students, Undergraduate total","5474","3131","50","297","213","-2"
"178721","Park University","2017","All students, Undergraduate total","9861","4742","216","1782","1828","-2"
"179043","Rockhurst University","2017","All students, Undergraduate total","2208","1347","77","134","184","-2"
"179326","Southwest Baptist University","2017","All students, Undergraduate total","2822","1805","16","132","61","-2"
"179548","Stephens College","2017","All students, Undergraduate total","653","646","6","87","37","-2"
"179557","Southeast Missouri State University","2017","All students, Undergraduate total","10458","6080","117","905","205","-2"
"179566","Missouri State University-Springfield","2017","All students, Undergraduate total","20364","11831","296","863","756","-2"
"179894","Webster University","2017","All students, Undergraduate total","3074","1708","68","501","185","-2"
"179964","William Woods University","2017","All students, Undergraduate total","956","697","9","46","47","-2"
"180179","Montana State University-Billings","2017","All students, Undergraduate total","4021","2514","38","46","225","-2"
"180814","Bellevue University","2017","All students, Undergraduate total","5744","2968","203","535","1063","-2"
"180948","Chadron State College","2017","All students, Undergraduate total","2155","1282","13","65","209","-2"
"180984","Concordia University-Nebraska","2017","All students, Undergraduate total","1684","903","24","52","88","-2"
"181002","Creighton University","2017","All students, Undergraduate total","4255","2391","390","111","343","-2"
"181215","University of Nebraska at Kearney","2017","All students, Undergraduate total","4843","2783","37","107","528","-2"
"181446","Nebraska Wesleyan University","2017","All students, Undergraduate total","1779","1070","26","63","107","-2"
"181534","Peru State College","2017","All students, Undergraduate total","2046","1199","17","125","137","-2"
"181604","College of Saint Mary","2017","All students, Undergraduate total","832","824","23","66","118","-2"
"181783","Wayne State College","2017","All students, Undergraduate total","2757","1586","18","91","244","-2"
"182458","Sierra Nevada College","2017","All students, Undergraduate total","448","203","14","12","18","-2"
"182795","Franklin Pierce University","2017","All students, Undergraduate total","1713","958","20","104","69","-2"
"182980","New England College","2017","All students, Undergraduate total","1844","1088","35","461","141","-2"
"183026","Southern New Hampshire University","2017","All students, Undergraduate total","70661","44971","1051","10463","6217","-2"
"183062","Keene State College","2017","All students, Undergraduate total","3780","2067","56","57","142","-2"
"183080","Plymouth State University","2017","All students, Undergraduate total","4148","2057","67","88","89","-2"
"183211","Rivier University","2017","All students, Undergraduate total","1426","1155","38","49","62","-2"
"183910","Caldwell University","2017","All students, Undergraduate total","1603","1088","47","204","370","-2"
"183974","Centenary University","2017","All students, Undergraduate total","1369","862","31","159","105","-2"
"184603","Fairleigh Dickinson University-Metropolitan Campus","2017","All students, Undergraduate total","5467","3104","340","389","1694","-2"
"184612","Felician University","2017","All students, Undergraduate total","1626","1150","81","384","474","-2"
"184694","Fairleigh Dickinson University-Florham Campus","2017","All students, Undergraduate total","2747","1562","145","233","491","-2"
"184773","Georgian Court University","2017","All students, Undergraduate total","1613","1148","41","168","187","-2"
"185129","New Jersey City University","2017","All students, Undergraduate total","6508","3855","516","1478","2607","-2"
"185262","Kean University","2017","All students, Undergraduate total","11984","7160","650","2321","3372","-2"
"185572","Monmouth University","2017","All students, Undergraduate total","4706","2728","141","228","630","-2"
"186201","Ramapo College of New Jersey","2017","All students, Undergraduate total","5618","3115","425","274","861","-2"
"186283","Rider University","2017","All students, Undergraduate total","4094","2369","191","515","602","-2"
"186371","Rutgers University-Camden","2017","All students, Undergraduate total","5489","3257","524","987","823","-2"
"186432","Saint Peter's University","2017","All students, Undergraduate total","2637","1696","186","571","1144","-2"
"186618","College of Saint Elizabeth","2017","All students, Undergraduate total","757","597","30","243","185","-2"
"186876","Stockton University","2017","All students, Undergraduate total","8275","4865","500","662","1044","-2"
"187046","Thomas Edison State University","2017","All students, Undergraduate total","11141","4884","434","1563","1171","-2"
"187134","The College of New Jersey","2017","All students, Undergraduate total","6955","4001","803","412","892","-2"
"187444","William Paterson University of New Jersey","2017","All students, Undergraduate total","8838","4811","640","1474","2770","-2"
"187648","Eastern New Mexico University-Main Campus","2017","All students, Undergraduate total","4597","2565","37","219","1743","-2"
"187897","New Mexico Highlands University","2017","All students, Undergraduate total","1935","1220","18","104","1126","-2"
"187967","New Mexico Institute of Mining and Technology","2017","All students, Undergraduate total","1471","443","53","25","446","-2"
"188182","University of the Southwest","2017","All students, Undergraduate total","509","261","6","55","226","-2"
"188304","Western New Mexico University","2017","All students, Undergraduate total","2167","1381","30","121","977","-2"
"188641","Alfred University","2017","All students, Undergraduate total","1707","818","36","169","131","-2"
"189705","Canisius College","2017","All students, Undergraduate total","2398","1193","61","199","151","-2"
"190114","Metropolitan College of New York","2017","All students, Undergraduate total","777","541","24","428","224","-2"
"190512","CUNY Bernard M Baruch College","2017","All students, Undergraduate total","15253","7473","4761","1352","3964","-2"
"190549","CUNY Brooklyn College","2017","All students, Undergraduate total","14689","8507","2864","3353","3311","-2"
"190558","College of Staten Island CUNY","2017","All students, Undergraduate total","12509","6836","1395","1851","3297","-2"
"190567","CUNY City College","2017","All students, Undergraduate total","13210","6761","3210","2027","5060","-2"
"190594","CUNY Hunter College","2017","All students, Undergraduate total","16844","10933","4587","1670","5159","-2"
"190600","CUNY John Jay College of Criminal Justice","2017","All students, Undergraduate total","12916","7179","1421","2183","6549","-2"
"190637","CUNY Lehman College","2017","All students, Undergraduate total","11978","8114","759","3219","6792","-2"
"190664","CUNY Queens College","2017","All students, Undergraduate total","16680","9150","4780","1466","4711","-2"
"190716","D'Youville College","2017","All students, Undergraduate total","1735","1291","98","160","75","-2"
"190725","Daemen College","2017","All students, Undergraduate total","1801","1281","48","196","127","-2"
"190761","Dominican College of Blauvelt","2017","All students, Undergraduate total","1425","949","83","214","433","-2"
"191126","Fashion Institute of Technology","2017","All students, Undergraduate total","8661","7319","978","814","1646","-2"
"191931","Iona College","2017","All students, Undergraduate total","3178","1609","68","294","725","-2"
"191968","Ithaca College","2017","All students, Undergraduate total","6059","3497","241","362","505","-2"
"192192","Keuka College","2017","All students, Undergraduate total","1647","1207","15","128","84","-2"
"192323","Le Moyne College","2017","All students, Undergraduate total","2788","1663","77","154","145","-2"
"192439","LIU Brooklyn","2017","All students, Undergraduate total","3945","2779","639","886","608","-2"
"192448","LIU Post","2017","All students, Undergraduate total","6316","3742","345","386","792","-2"
"192703","Manhattan College","2017","All students, Undergraduate total","3664","1635","195","183","802","-2"
"192749","Manhattanville College","2017","All students, Undergraduate total","1725","1083","28","166","425","-2"
"192819","Marist College","2017","All students, Undergraduate total","5699","3278","150","229","560","-2"
"192925","Medaille College","2017","All students, Undergraduate total","1528","1106","40","296","38","-2"
"193016","Mercy College","2017","All students, Undergraduate total","6864","4511","278","1485","2647","-2"
"193292","Molloy College","2017","All students, Undergraduate total","3534","2638","266","390","597","-2"
"193308","Monroe College","2017","All students, Undergraduate total","5514","3414","103","2363","2194","-2"
"193353","Mount Saint Mary College","2017","All students, Undergraduate total","2036","1429","49","152","351","-2"
"193399","College of Mount Saint Vincent","2017","All students, Undergraduate total","1695","1173","150","247","699","-2"
"193584","Nazareth College","2017","All students, Undergraduate total","2194","1626","69","140","121","-2"
"193645","The College of New Rochelle","2017","All students, Undergraduate total","2538","2174","114","1267","645","-2"
"193973","Niagara University","2017","All students, Undergraduate total","2994","1856","44","140","128","-2"
"194091","New York Institute of Technology","2017","All students, Undergraduate total","3664","1325","656","309","578","-2"
"194161","Nyack College","2017","All students, Undergraduate total","1398","808","110","415","409","-2"
"194958","Roberts Wesleyan College","2017","All students, Undergraduate total","1321","913","30","121","78","-2"
"195128","The Sage Colleges","2017","All students, Undergraduate total","1305","1036","42","164","117","-2"
"195164","St Bonaventure University","2017","All students, Undergraduate total","1622","783","66","94","122","-2"
"195234","The College of Saint Rose","2017","All students, Undergraduate total","2504","1680","65","366","187","-2"
"195243","St. Thomas Aquinas College","2017","All students, Undergraduate total","1778","957","60","158","338","-2"
"195544","St. Joseph's College-New York","2017","All students, Undergraduate total","929","633","72","207","217","-2"
"196112","SUNY Polytechnic Institute","2017","All students, Undergraduate total","2179","743","135","133","191","-2"
"196121","SUNY College at Brockport","2017","All students, Undergraduate total","7180","4086","156","808","525","-2"
"196130","SUNY Buffalo State","2017","All students, Undergraduate total","8527","4795","281","2828","1101","-2"
"196149","SUNY Cortland","2017","All students, Undergraduate total","6346","3565","87","394","810","-2"
"196158","SUNY at Fredonia","2017","All students, Undergraduate total","4393","2531","84","337","403","-2"
"196167","SUNY College at Geneseo","2017","All students, Undergraduate total","5556","3354","338","146","448","-2"
"196176","State University of New York at New Paltz","2017","All students, Undergraduate total","6733","4123","360","411","1301","-2"
"196185","SUNY Oneonta","2017","All students, Undergraduate total","5940","3545","134","256","821","-2"
"196194","SUNY College at Oswego","2017","All students, Undergraduate total","7125","3520","202","645","847","-2"
"196200","SUNY College at Potsdam","2017","All students, Undergraduate total","3321","1937","70","421","496","-2"
"196237","SUNY College at Old Westbury","2017","All students, Undergraduate total","4635","2728","492","1277","1182","-2"
"196246","SUNY College at Plattsburgh","2017","All students, Undergraduate total","5351","3076","146","451","659","-2"
"196264","SUNY Empire State College","2017","All students, Undergraduate total","9810","6065","258","1473","1286","-2"
"196291","SUNY Maritime College","2017","All students, Undergraduate total","1641","190","75","66","206","-2"
"196592","Touro College","2017","All students, Undergraduate total","6426","4554","191","797","627","-2"
"196680","Excelsior College","2017","All students, Undergraduate total","31039","15690","896","6024","3256","-2"
"197045","Utica College","2017","All students, Undergraduate total","3685","2209","130","424","344","-2"
"197197","Wagner College","2017","All students, Undergraduate total","1794","1130","77","144","183","-2"
"197869","Appalachian State University","2017","All students, Undergraduate total","17017","9424","301","610","987","-2"
"198136","Campbell University","2017","All students, Undergraduate total","4384","2284","86","706","391","-2"
"198507","Elizabeth City State University","2017","All students, Undergraduate total","1368","758","12","939","45","-2"
"198516","Elon University","2017","All students, Undergraduate total","6045","3604","151","329","386","-2"
"198543","Fayetteville State University","2017","All students, Undergraduate total","5393","3718","104","3270","414","-2"
"198835","Lenoir-Rhyne University","2017","All students, Undergraduate total","1699","1006","31","198","105","-2"
"198969","Methodist University","2017","All students, Undergraduate total","1933","924","26","332","154","-2"
"199032","Montreat College","2017","All students, Undergraduate total","757","377","8","107","45","-2"
"199157","North Carolina Central University","2017","All students, Undergraduate total","6355","4235","62","5007","355","-2"
"199218","University of North Carolina Wilmington","2017","All students, Undergraduate total","14502","9017","273","650","999","-2"
"199281","University of North Carolina at Pembroke","2017","All students, Undergraduate total","5481","3329","114","1887","297","-2"
"199306","Pfeiffer University","2017","All students, Undergraduate total","813","422","9","191","55","-2"
"199412","Queens University of Charlotte","2017","All students, Undergraduate total","1719","1153","35","288","158","-2"
"199759","Southeastern Baptist Theological Seminary","2017","All students, Undergraduate total","406","122","12","28","15","-2"
"199962","Wingate University","2017","All students, Undergraduate total","2592","1582","57","449","114","-2"
"199999","Winston-Salem State University","2017","All students, Undergraduate total","4688","3332","32","3557","170","-2"
"200004","Western Carolina University","2017","All students, Undergraduate total","9406","5166","112","561","624","-2"
"200217","University of Mary","2017","All students, Undergraduate total","2237","1405","33","38","99","-2"
"200253","Minot State University","2017","All students, Undergraduate total","2956","1766","51","174","212","-2"
"201195","Baldwin Wallace University","2017","All students, Undergraduate total","3183","1736","49","290","172","-2"
"201548","Capital University","2017","All students, Undergraduate total","2699","1649","40","263","102","-2"
"202763","The University of Findlay","2017","All students, Undergraduate total","3562","2315","50","103","73","-2"
"203085","Heidelberg University","2017","All students, Undergraduate total","1051","480","10","105","36","-2"
"203368","John Carroll University","2017","All students, Undergraduate total","3080","1514","71","149","123","-2"
"203580","Lake Erie College","2017","All students, Undergraduate total","955","520","11","169","53","-2"
"203757","Lourdes University","2017","All students, Undergraduate total","1044","674","9","121","96","-2"
"203775","Malone University","2017","All students, Undergraduate total","1333","777","8","134","38","-2"
"204194","Mount Vernon Nazarene University","2017","All students, Undergraduate total","1828","1160","11","50","43","-2"
"204200","Mount Saint Joseph University","2017","All students, Undergraduate total","1318","800","7","151","17","-2"
"204264","Muskingum University","2017","All students, Undergraduate total","1558","865","12","74","39","-2"
"204468","Notre Dame College","2017","All students, Undergraduate total","1736","922","17","449","80","-2"
"204617","Ohio Dominican University","2017","All students, Undergraduate total","1177","647","14","261","46","-2"
"204936","Otterbein University","2017","All students, Undergraduate total","2480","1538","51","161","69","-2"
"205957","Franciscan University of Steubenville","2017","All students, Undergraduate total","2200","1305","36","13","272","-2"
"206048","Tiffin University","2017","All students, Undergraduate total","2243","1038","4","227","57","-2"
"206349","Ursuline College","2017","All students, Undergraduate total","621","573","14","133","10","-2"
"206437","Walsh University","2017","All students, Undergraduate total","2009","1191","12","131","79","-2"
"206622","Xavier University","2017","All students, Undergraduate total","4634","2482","122","426","262","-2"
"206695","Youngstown State University","2017","All students, Undergraduate total","11269","5818","129","1111","427","-2"
"206835","Oklahoma Wesleyan University","2017","All students, Undergraduate total","1006","581","1","88","37","-2"
"206862","Southern Nazarene University","2017","All students, Undergraduate total","1521","768","15","198","160","-2"
"206914","Cameron University","2017","All students, Undergraduate total","4150","2510","67","506","537","-2"
"206941","University of Central Oklahoma","2017","All students, Undergraduate total","14343","8455","521","1297","1453","-2"
"207041","East Central University","2017","All students, Undergraduate total","3081","1841","9","114","171","-2"
"207209","Langston University","2017","All students, Undergraduate total","2033","1296","7","1420","44","-2"
"207263","Northeastern State University","2017","All students, Undergraduate total","6828","4125","143","273","420","-2"
"207306","Northwestern Oklahoma State University","2017","All students, Undergraduate total","1879","1103","11","134","176","-2"
"207324","Oklahoma Christian University","2017","All students, Undergraduate total","1972","974","73","148","132","-2"
"207458","Oklahoma City University","2017","All students, Undergraduate total","1714","1165","40","97","166","-2"
"207582","Oral Roberts University","2017","All students, Undergraduate total","3381","2007","75","414","408","-2"
"207847","Southeastern Oklahoma State University","2017","All students, Undergraduate total","3122","1654","18","167","193","-2"
"207865","Southwestern Oklahoma State University","2017","All students, Undergraduate total","4623","2735","83","179","511","-2"
"208646","Eastern Oregon University","2017","All students, Undergraduate total","2737","1661","45","59","287","-2"
"208822","George Fox University","2017","All students, Undergraduate total","2698","1526","108","44","328","-2"
"209108","Marylhurst University","2017","All students, Undergraduate total","364","259","9","11","34","-2"
"209409","Northwest Christian University","2017","All students, Undergraduate total","605","368","35","28","39","-2"
"209612","Pacific University","2017","All students, Undergraduate total","1876","1124","226","40","258","-2"
"209825","University of Portland","2017","All students, Undergraduate total","3883","2318","508","48","495","-2"
"210146","Southern Oregon University","2017","All students, Undergraduate total","5523","3348","77","112","549","-2"
"210331","Corban University","2017","All students, Undergraduate total","1021","624","21","14","16","-2"
"210429","Western Oregon University","2017","All students, Undergraduate total","4759","2962","220","174","758","-2"
"210739","DeSales University","2017","All students, Undergraduate total","2345","1433","60","106","313","-2"
"210775","Alvernia University","2017","All students, Undergraduate total","2251","1639","42","222","218","-2"
"211088","Arcadia University","2017","All students, Undergraduate total","2390","1639","122","228","211","-2"
"211158","Bloomsburg University of Pennsylvania","2017","All students, Undergraduate total","8579","4860","105","712","586","-2"
"211352","Cabrini University","2017","All students, Undergraduate total","1686","1020","50","343","188","-2"
"211361","California University of Pennsylvania","2017","All students, Undergraduate total","5557","2969","53","713","172","-2"
"211431","Carlow University","2017","All students, Undergraduate total","1365","1148","31","244","27","-2"
"211556","Chatham University","2017","All students, Undergraduate total","1208","920","29","66","40","-2"
"211583","Chestnut Hill College","2017","All students, Undergraduate total","1364","860","24","458","124","-2"
"211644","Clarion University of Pennsylvania","2017","All students, Undergraduate total","4321","2764","39","325","116","-2"
"211981","Delaware Valley University","2017","All students, Undergraduate total","1992","1186","31","179","153","-2"
"212115","East Stroudsburg University of Pennsylvania","2017","All students, Undergraduate total","6051","3403","113","1060","762","-2"
"212133","Eastern University","2017","All students, Undergraduate total","1887","1302","35","361","355","-2"
"212160","Edinboro University of Pennsylvania","2017","All students, Undergraduate total","4290","2468","49","293","139","-2"
"212601","Gannon University","2017","All students, Undergraduate total","3076","1738","53","142","86","-2"
"212656","Geneva College","2017","All students, Undergraduate total","1417","704","15","114","16","-2"
"212832","Gwynedd Mercy University","2017","All students, Undergraduate total","2081","1617","122","479","114","-2"
"212984","Holy Family University","2017","All students, Undergraduate total","2093","1545","109","258","86","-2"
"213321","King's College","2017","All students, Undergraduate total","2198","1021","44","75","145","-2"
"213349","Kutztown University of Pennsylvania","2017","All students, Undergraduate total","7489","3981","103","554","672","-2"
"213367","La Salle University","2017","All students, Undergraduate total","3821","2347","181","755","686","-2"
"213507","Lebanon Valley College","2017","All students, Undergraduate total","1756","960","38","65","104","-2"
"213598","Lincoln University","2017","All students, Undergraduate total","2002","1324","2","1678","62","-2"
"213613","Lock Haven University","2017","All students, Undergraduate total","3472","1997","43","353","53","-2"
"213783","Mansfield University of Pennsylvania","2017","All students, Undergraduate total","1826","1080","14","181","66","-2"
"213826","Marywood University","2017","All students, Undergraduate total","1960","1345","39","59","129","-2"
"213987","Mercyhurst University","2017","All students, Undergraduate total","2452","1414","33","127","96","-2"
"214041","Millersville University of Pennsylvania","2017","All students, Undergraduate total","6758","3837","173","589","750","-2"
"214069","Misericordia University","2017","All students, Undergraduate total","2146","1442","27","64","71","-2"
"214272","Neumann University","2017","All students, Undergraduate total","2085","1373","30","502","120","-2"
"214713","Pennsylvania State University-Penn State Harrisburg","2017","All students, Undergraduate total","4286","1653","407","398","282","-2"
"215099","Jefferson (Philadelphia University + Thomas Jefferson University)","2017","All students, Undergraduate total","2685","1818","161","478","237","-2"
"215114","Cairn University-Langhorne","2017","All students, Undergraduate total","770","431","31","98","46","-2"
"215442","Point Park University","2017","All students, Undergraduate total","3281","1935","54","478","68","-2"
"215691","Rosemont College","2017","All students, Undergraduate total","635","398","18","253","37","-2"
"215743","Saint Francis University","2017","All students, Undergraduate total","2117","1337","47","126","29","-2"
"215770","Saint Joseph's University","2017","All students, Undergraduate total","5144","2799","131","321","366","-2"
"215929","University of Scranton","2017","All students, Undergraduate total","3810","2208","95","68","353","-2"
"215947","Seton Hill University","2017","All students, Undergraduate total","2092","1320","23","143","65","-2"
"216010","Shippensburg University of Pennsylvania","2017","All students, Undergraduate total","5574","2808","86","571","323","-2"
"216038","Slippery Rock University of Pennsylvania","2017","All students, Undergraduate total","7609","4315","66","383","178","-2"
"216694","Waynesburg University","2017","All students, Undergraduate total","1376","814","11","58","22","-2"
"216764","West Chester University of Pennsylvania","2017","All students, Undergraduate total","14451","8515","357","1630","831","-2"
"216931","Wilkes University","2017","All students, Undergraduate total","2491","1160","60","109","156","-2"
"217059","York College of Pennsylvania","2017","All students, Undergraduate total","4171","2247","85","211","275","-2"
"217165","Bryant University","2017","All students, Undergraduate total","3477","1362","122","132","238","-2"
"217235","Johnson & Wales University-Providence","2017","All students, Undergraduate total","7710","4602","131","1035","935","-2"
"217402","Providence College","2017","All students, Undergraduate total","4079","2240","52","168","388","-2"
"217420","Rhode Island College","2017","All students, Undergraduate total","7077","4826","219","678","1377","-2"
"217518","Roger Williams University","2017","All students, Undergraduate total","4703","2487","71","108","302","-2"
"217536","Salve Regina University","2017","All students, Undergraduate total","2180","1456","24","38","145","-2"
"217633","Anderson University","2017","All students, Undergraduate total","2983","2070","15","186","103","-2"
"217688","Charleston Southern University","2017","All students, Undergraduate total","3061","1891","46","741","115","-2"
"217749","Bob Jones University","2017","All students, Undergraduate total","2606","1432","46","52","154","-2"
"217776","Southern Wesleyan University","2017","All students, Undergraduate total","1360","824","3","289","59","-2"
"217819","College of Charleston","2017","All students, Undergraduate total","9895","6266","228","773","528","-2"
"217864","Citadel Military College of South Carolina","2017","All students, Undergraduate total","2837","301","64","274","189","-2"
"217925","Columbia International University","2017","All students, Undergraduate total","497","240","10","57","20","-2"
"217934","Columbia College","2017","All students, Undergraduate total","1380","1026","9","455","51","-2"
"217961","Converse College","2017","All students, Undergraduate total","918","915","11","89","46","-2"
"218061","Francis Marion University","2017","All students, Undergraduate total","3460","2369","44","1432","80","-2"
"218441","North Greenville University","2017","All students, Undergraduate total","2358","1218","23","191","71","-2"
"218724","Coastal Carolina University","2017","All students, Undergraduate total","9898","5314","69","1918","416","-2"
"218733","South Carolina State University","2017","All students, Undergraduate total","2524","1202","11","2385","9","-2"
"218964","Winthrop University","2017","All students, Undergraduate total","5014","3492","71","1473","245","-2"
"219046","Black Hills State University","2017","All students, Undergraduate total","3947","2476","31","66","198","-2"
"219082","Dakota State University","2017","All students, Undergraduate total","2962","1232","51","113","107","-2"
"219198","Mount Marty College","2017","All students, Undergraduate total","876","511","6","27","55","-2"
"219259","Northern State University","2017","All students, Undergraduate total","3162","1816","43","46","85","-2"
"219383","University of Sioux Falls","2017","All students, Undergraduate total","1215","761","16","53","12","-2"
"219602","Austin Peay State University","2017","All students, Undergraduate total","9591","5614","156","2076","676","-2"
"219709","Belmont University","2017","All students, Undergraduate total","6497","4206","146","300","347","-2"
"219718","Bethel University","2017","All students, Undergraduate total","4829","2714","40","1721","115","-2"
"219790","Bryan College-Dayton","2017","All students, Undergraduate total","1246","670","11","64","39","-2"
"219806","Carson-Newman University","2017","All students, Undergraduate total","1690","979","12","138","59","-2"
"219833","Christian Brothers University","2017","All students, Undergraduate total","1791","932","83","521","144","-2"
"219949","Cumberland University","2017","All students, Undergraduate total","1971","1138","28","233","57","-2"
"220215","Freed-Hardeman University","2017","All students, Undergraduate total","1471","869","12","54","16","-2"
"220516","King University","2017","All students, Undergraduate total","1799","1100","12","122","74","-2"
"220552","South College","2017","All students, Undergraduate total","1410","1118","19","160","59","-2"
"220613","Lee University","2017","All students, Undergraduate total","4860","3013","45","230","89","-2"
"220631","Lincoln Memorial University","2017","All students, Undergraduate total","1919","1349","21","106","5","-2"
"221661","Southern Adventist University","2017","All students, Undergraduate total","2600","1510","276","265","580","-2"
"221740","The University of Tennessee-Chattanooga","2017","All students, Undergraduate total","10176","5682","219","1036","434","-2"
"221768","The University of Tennessee-Martin","2017","All students, Undergraduate total","6330","3730","43","846","177","-2"
"221953","Tusculum College","2017","All students, Undergraduate total","1488","765","5","251","53","-2"
"222178","Abilene Christian University","2017","All students, Undergraduate total","3666","2143","43","321","627","-2"
"222628","Amberton University","2017","All students, Undergraduate total","217","135","11","50","23","-2"
"222831","Angelo State University","2017","All students, Undergraduate total","8719","4860","128","491","3038","-2"
"224004","Concordia University-Texas","2017","All students, Undergraduate total","1723","1089","59","195","547","-2"
"224323","University of Dallas","2017","All students, Undergraduate total","1450","776","80","24","329","-2"
"224545","Texas A&M University-Texarkana","2017","All students, Undergraduate total","1610","981","22","228","243","-2"
"225247","Hardin-Simmons University","2017","All students, Undergraduate total","1742","910","29","139","330","-2"
"225399","Houston Baptist University","2017","All students, Undergraduate total","2316","1490","203","428","808","-2"
"225414","University of Houston-Clear Lake","2017","All students, Undergraduate total","5798","3722","368","453","2269","-2"
"225432","University of Houston-Downtown","2017","All students, Undergraduate total","12407","7568","1102","2439","5923","-2"
"225502","University of Houston-Victoria","2017","All students, Undergraduate total","3273","2124","210","527","1301","-2"
"225627","University of the Incarnate Word","2017","All students, Undergraduate total","5994","3621","124","416","3354","-2"
"226152","Texas A & M International University","2017","All students, Undergraduate total","6799","4102","21","26","6454","-2"
"226231","LeTourneau University","2017","All students, Undergraduate total","2611","1214","46","216","142","-2"
"226383","Lubbock Christian University","2017","All students, Undergraduate total","1484","867","12","68","359","-2"
"226471","University of Mary Hardin-Baylor","2017","All students, Undergraduate total","3333","2135","57","497","702","-2"
"226833","Midwestern State University","2017","All students, Undergraduate total","5330","3097","153","772","1029","-2"
"227331","Our Lady of the Lake University","2017","All students, Undergraduate total","1342","932","7","108","1024","-2"
"227845","Saint Edward's University","2017","All students, Undergraduate total","3941","2404","110","162","1696","-2"
"227863","University of St Thomas","2017","All students, Undergraduate total","1816","1106","205","113","810","-2"
"228149","St. Mary's University","2017","All students, Undergraduate total","2327","1268","52","76","1562","-2"
"228325","Southwestern Assemblies of God University","2017","All students, Undergraduate total","1790","937","12","226","296","-2"
"228431","Stephen F Austin State University","2017","All students, Undergraduate total","10985","6924","136","1896","2063","-2"
"228501","Sul Ross State University","2017","All students, Undergraduate total","2294","1329","4","138","1479","-2"
"228529","Tarleton State University","2017","All students, Undergraduate total","11288","6889","129","945","2207","-2"
"228802","The University of Texas at Tyler","2017","All students, Undergraduate total","7440","4091","281","689","1475","-2"
"229018","The University of Texas of the Permian Basin","2017","All students, Undergraduate total","6065","3465","168","320","2832","-2"
"229160","Texas Wesleyan University","2017","All students, Undergraduate total","1674","874","20","270","516","-2"
"229267","Trinity University","2017","All students, Undergraduate total","2395","1274","165","95","497","-2"
"229780","Wayland Baptist University","2017","All students, Undergraduate total","3561","1791","75","605","1123","-2"
"229814","West Texas A & M University","2017","All students, Undergraduate total","7394","4229","129","356","2106","-2"
"230603","Southern Utah University","2017","All students, Undergraduate total","8550","4823","96","164","502","-2"
"230737","Utah Valley University","2017","All students, Undergraduate total","36868","17188","454","301","4078","-2"
"230782","Weber State University","2017","All students, Undergraduate total","27111","14763","466","401","3098","-2"
"230807","Westminster College","2017","All students, Undergraduate total","2030","1196","54","42","214","-2"
"230852","Champlain College","2017","All students, Undergraduate total","3934","1613","113","294","316","-2"
"230889","Goddard College","2017","All students, Undergraduate total","189","148","5","5","6","-2"
"230898","Green Mountain College","2017","All students, Undergraduate total","468","267","6","27","20","-2"
"230913","Johnson State College","2017","All students, Undergraduate total","1379","930","7","55","51","-2"
"230995","Norwich University","2017","All students, Undergraduate total","3225","756","92","141","262","-2"
"231712","Christopher Newport University","2017","All students, Undergraduate total","4954","2788","132","357","261","-2"
"232043","Eastern Mennonite University","2017","All students, Undergraduate total","1098","691","26","102","79","-2"
"232265","Hampton University","2017","All students, Undergraduate total","3792","2548","10","3647","47","-2"
"232423","James Madison University","2017","All students, Undergraduate total","19975","11693","910","972","1319","-2"
"232566","Longwood University","2017","All students, Undergraduate total","4472","2980","59","432","235","-2"
"232609","Lynchburg College","2017","All students, Undergraduate total","2050","1243","28","210","84","-2"
"232672","Mary Baldwin University","2017","All students, Undergraduate total","1136","1051","28","227","74","-2"
"232681","University of Mary Washington","2017","All students, Undergraduate total","4398","2813","161","330","390","-2"
"232706","Marymount University","2017","All students, Undergraduate total","2305","1501","170","332","392","-2"
"232937","Norfolk State University","2017","All students, Undergraduate total","4687","3045","22","3970","169","-2"
"233277","Radford University","2017","All students, Undergraduate total","8418","4827","123","1400","563","-2"
"233684","Strayer University-Virginia","2017","All students, Undergraduate total","4269","2548","196","2082","425","-2"
"234155","Virginia State University","2017","All students, Undergraduate total","4302","2469","15","1711","38","-2"
"234827","Central Washington University","2017","All students, Undergraduate total","12080","6341","465","472","1903","-2"
"234915","City University of Seattle","2017","All students, Undergraduate total","928","493","31","22","25","-2"
"235097","Eastern Washington University","2017","All students, Undergraduate total","11473","6177","316","360","1747","-2"
"235167","The Evergreen State College","2017","All students, Undergraduate total","3610","2076","98","176","392","-2"
"235316","Gonzaga University","2017","All students, Undergraduate total","5192","2706","255","62","560","-2"
"235422","Heritage University","2017","All students, Undergraduate total","812","590","3","5","545","-2"
"236133","Northwest University","2017","All students, Undergraduate total","950","605","47","39","79","-2"
"236230","Pacific Lutheran University","2017","All students, Undergraduate total","2766","1747","273","91","247","-2"
"236452","Saint Martin's University","2017","All students, Undergraduate total","1316","637","120","81","185","-2"
"236595","Seattle University","2017","All students, Undergraduate total","4560","2805","738","132","546","-2"
"236896","Walla Walla University","2017","All students, Undergraduate total","1649","817","149","50","259","-2"
"237011","Western Washington University","2017","All students, Undergraduate total","14968","8454","963","250","1340","-2"
"237066","Whitworth University","2017","All students, Undergraduate total","2251","1347","114","46","210","-2"
"237312","University of Charleston","2017","All students, Undergraduate total","1831","823","20","155","43","-2"
"237330","Concord University","2017","All students, Undergraduate total","1853","1081","17","114","23","-2"
"237367","Fairmont State University","2017","All students, Undergraduate total","3661","2060","23","201","67","-2"
"237525","Marshall University","2017","All students, Undergraduate total","9489","5486","70","554","211","-2"
"237783","Salem International University","2017","All students, Undergraduate total","892","471","6","180","91","-2"
"237969","West Virginia Wesleyan College","2017","All students, Undergraduate total","1320","738","2","115","42","-2"
"238078","Wheeling Jesuit University","2017","All students, Undergraduate total","719","347","7","75","22","-2"
"238193","Alverno College","2017","All students, Undergraduate total","1312","1307","76","170","347","-2"
"238458","Carroll University","2017","All students, Undergraduate total","2982","1922","117","45","228","-2"
"238616","Concordia University-Wisconsin","2017","All students, Undergraduate total","3709","2450","84","449","35","-2"
"238980","Lakeland University","2017","All students, Undergraduate total","1998","1144","86","146","96","-2"
"239080","Marian University","2017","All students, Undergraduate total","1508","1046","27","81","94","-2"
"239318","Milwaukee School of Engineering","2017","All students, Undergraduate total","2610","693","106","53","146","-2"
"239390","Mount Mary University","2017","All students, Undergraduate total","700","698","47","94","75","-2"
"239743","Silver Lake College of the Holy Family","2017","All students, Undergraduate total","392","257","21","69","29","-2"
"240107","Viterbo University","2017","All students, Undergraduate total","1773","1307","21","15","59","-2"
"240189","University of Wisconsin-Whitewater","2017","All students, Undergraduate total","11133","5495","200","441","685","-2"
"240268","University of Wisconsin-Eau Claire","2017","All students, Undergraduate total","10183","6257","338","104","298","-2"
"240277","University of Wisconsin-Green Bay","2017","All students, Undergraduate total","6811","4464","210","108","346","-2"
"240329","University of Wisconsin-La Crosse","2017","All students, Undergraduate total","9705","5466","213","74","325","-2"
"240365","University of Wisconsin-Oshkosh","2017","All students, Undergraduate total","12410","7541","460","248","583","-2"
"240392","Herzing University-Madison","2017","All students, Undergraduate total","1732","1366","34","470","89","-2"
"240417","University of Wisconsin-Stout","2017","All students, Undergraduate total","8131","3563","276","148","218","-2"
"240462","University of Wisconsin-Platteville","2017","All students, Undergraduate total","7611","2601","103","113","310","-2"
"240471","University of Wisconsin-River Falls","2017","All students, Undergraduate total","5678","3461","150","105","199","-2"
"240480","University of Wisconsin-Stevens Point","2017","All students, Undergraduate total","7894","4199","245","179","286","-2"
"240754","University of Guam","2017","All students, Undergraduate total","3581","2039","1634","25","19","-2"
"241100","American University of Puerto Rico","2017","All students, Undergraduate total","473","217","0","0","473","-2"
"241225","Universidad Central de Bayamon","2017","All students, Undergraduate total","1424","927","0","0","1417","-2"
"241377","Caribbean University-Bayamon","2017","All students, Undergraduate total","1184","645","0","0","1184","-2"
"241395","Pontifical Catholic University of Puerto Rico-Arecibo","2017","All students, Undergraduate total","587","356","0","0","566","-2"
"241739","Universidad Metropolitana","2017","All students, Undergraduate total","10617","6752","0","0","10617","-2"
"242617","Inter American University of Puerto Rico-San German","2017","All students, Undergraduate total","4115","2189","0","10","4082","-2"
"242626","Inter American University of Puerto Rico-Aguadilla","2017","All students, Undergraduate total","3973","2240","1","1","3960","-2"
"242635","Inter American University of Puerto Rico-Arecibo","2017","All students, Undergraduate total","3902","2388","1","2","3877","-2"
"242662","Inter American University of Puerto Rico-Ponce","2017","All students, Undergraduate total","4786","2911","2","0","4763","-2"
"243081","Ponce Health Sciences University","2017","All students, Undergraduate total","12","8","0","0","12","-2"
"243197","University of Puerto Rico-Mayaguez","2017","All students, Undergraduate total","12486","5785","0","0","11713","-2"
"243346","Universidad Del Este","2017","All students, Undergraduate total","10140","6130","0","0","10140","-2"
"243443","Universidad del Sagrado Corazon","2017","All students, Undergraduate total","4376","2677","0","0","4376","-2"
"243665","University of the Virgin Islands","2017","All students, Undergraduate total","1898","1249","12","1310","174","-2"
"245838","Antioch University-Los Angeles","2017","All students, Undergraduate total","255","145","12","52","73","-2"
"245883","Antioch University-Seattle","2017","All students, Undergraduate total","89","67","4","7","5","-2"
"245892","Antioch University-Midwest","2017","All students, Undergraduate total","41","30","0","5","3","-2"
"245953","Mid-America Christian University","2017","All students, Undergraduate total","1626","984","10","315","161","-2"
"251312","South University-Columbia","2017","All students, Undergraduate total","806","634","13","531","26","-2"
"260901","Kaplan University-Davenport Campus","2017","All students, Undergraduate total","25488","18153","349","7472","3038","-2"
"262086","Brandman University","2017","All students, Undergraduate total","3677","2249","141","381","591","-2"
"363907","Caribbean University-Ponce","2017","All students, Undergraduate total","655","277","0","0","655","-2"
"366711","California State University-San Marcos","2017","All students, Undergraduate total","14615","9150","1464","436","6212","-2"
"366748","Argosy University-Hawaii","2017","All students, Undergraduate total","389","248","45","27","23","-2"
"367884","Hodges University","2017","All students, Undergraduate total","1078","616","32","147","373","-2"
"377555","University of Washington-Bothell Campus","2017","All students, Undergraduate total","5365","2616","1442","346","515","-2"
"377564","University of Washington-Tacoma Campus","2017","All students, Undergraduate total","4436","2301","848","376","660","-2"
"380465","University of Phoenix-Utah","2017","All students, Undergraduate total","122","40","0","4","12","-2"
"405997","University of Phoenix-New Mexico","2017","All students, Undergraduate total","217","131","1","8","124","-2"
"407009","Arizona State University-West","2017","All students, Undergraduate total","3630","2156","189","181","1164","-2"
"409698","California State University-Monterey Bay","2017","All students, Undergraduate total","6764","4247","362","283","3157","-2"
"420042","University of Phoenix-Hawaii","2017","All students, Undergraduate total","661","199","82","67","58","-2"
"420574","Arizona State University-Polytechnic","2017","All students, Undergraduate total","4239","1308","258","223","878","-2"
"433387","Western Governors University","2017","All students, Undergraduate total","72385","46339","2436","6500","6914","-2"
"433660","Florida Gulf Coast University","2017","All students, Undergraduate total","13854","7713","238","998","2859","-2"
"438151","Stevens-Henager College","2017","All students, Undergraduate total","563","232","7","47","84","-2"
"438498","Stratford University","2017","All students, Undergraduate total","1981","1339","97","1128","160","-2"
"438586","American InterContinental University-Atlanta","2017","All students, Undergraduate total","1904","1312","11","1137","18","-2"
"439057","Argosy University-Seattle","2017","All students, Undergraduate total","10","7","0","0","3","-2"
"440411","Marlboro College Graduate & Professional Studies","2017","All students, Undergraduate total","1","0","0","0","0","-2"
"441937","California State University-Channel Islands","2017","All students, Undergraduate total","7054","4517","393","172","3505","-2"
"442569","Grantham University","2017","All students, Undergraduate total","7816","3891","90","3927","408","-2"
"443766","Strayer University-Tennessee","2017","All students, Undergraduate total","2052","1639","5","1595","38","-2"
"443784","Strayer University-Pennsylvania","2017","All students, Undergraduate total","1789","1269","25","900","188","-2"
"445027","American InterContinental University","2017","All students, Undergraduate total","8698","6177","51","3049","180","-2"
"445267","Central Methodist University-College of Graduate and Extended Studies","2017","All students, Undergraduate total","3667","2504","34","126","91","-2"
"446640","Harrisburg University of Science and Technology","2017","All students, Undergraduate total","509","247","18","208","69","-2"
"447272","Argosy University-Los Angeles","2017","All students, Undergraduate total","219","136","9","77","92","-2"
"448284","Doane University-Graduate and Professional Studies","2017","All students, Undergraduate total","752","491","21","48","47","-2"
"448309","Shorter University-College of Adult & Professional Programs","2017","All students, Undergraduate total","113","89","1","64","1","-2"
"448840","University of South Florida-St Petersburg","2017","All students, Undergraduate total","4251","2681","136","359","724","-2"
"449038","Strayer University-Florida","2017","All students, Undergraduate total","1607","1057","30","780","342","-2"
"449339","American Public University System","2017","All students, Undergraduate total","37910","13685","780","6098","4657","-2"
"450544","Argosy University-San Diego","2017","All students, Undergraduate total","146","87","5","41","50","-2"
"450766","LIU Riverhead","2017","All students, Undergraduate total","28","24","1","0","8","-2"
"450933","Columbia Southern University","2017","All students, Undergraduate total","15050","5605","312","3084","1111","-2"
"451671","University of South Florida-Sarasota-Manatee","2017","All students, Undergraduate total","1935","1184","44","99","307","-2"
"452090","Argosy University-Salt Lake City","2017","All students, Undergraduate total","46","27","0","0","4","-2"
"453163","Strayer University-North Carolina","2017","All students, Undergraduate total","3981","3087","16","2940","162","-2"
"458919","Strayer University-Georgia","2017","All students, Undergraduate total","5530","4149","27","4389","202","-2"
"459727","Touro University Worldwide","2017","All students, Undergraduate total","538","383","16","99","45","-2"
"460075","California University of Management and Sciences","2017","All students, Undergraduate total","8","2","4","2","0","-2"
"475121","South UniversitySavannah Online","2017","All students, Undergraduate total","4056","3212","40","1646","420","-2"
"476975","Colorado State University-Global Campus","2017","All students, Undergraduate total","8459","4798","327","558","1118","-2"
"479956","Pennsylvania State University-World Campus","2017","All students, Undergraduate total","8513","4414","345","608","861","-2"
"480198","Warner Pacific College Adult Degree Program","2017","All students, Undergraduate total","415","299","15","56","46","-2"
"480569","Florida Institute of Technology-Online","2017","All students, Undergraduate total","1634","938","23","335","214","-2"
"482422","DeVry University-Arizona","2017","All students, Undergraduate total","499","160","25","35","144","-2"
"482431","DeVry University-California","2017","All students, Undergraduate total","2313","875","306","224","803","-2"
"482440","DeVry University-Colorado","2017","All students, Undergraduate total","196","90","9","19","28","-2"
"482459","DeVry University-Florida","2017","All students, Undergraduate total","663","339","13","173","209","-2"
"482468","DeVry University-Georgia","2017","All students, Undergraduate total","955","510","22","504","60","-2"
"482477","DeVry University-Illinois","2017","All students, Undergraduate total","12515","7665","500","2357","1950","-2"
"482538","DeVry University-Missouri","2017","All students, Undergraduate total","143","52","3","34","8","-2"
"482556","DeVry University-New Jersey","2017","All students, Undergraduate total","493","137","52","83","147","-2"
"482574","DeVry University-Ohio","2017","All students, Undergraduate total","897","371","15","159","28","-2"
"482608","DeVry University-Pennsylvania","2017","All students, Undergraduate total","338","156","10","110","40","-2"
"482635","DeVry University-Texas","2017","All students, Undergraduate total","564","203","18","108","170","-2"
"482680","University of North Georgia","2017","All students, Undergraduate total","18173","10212","548","768","2195","-2"
"482705","Northeastern University Professional Advancement Network","2017","All students, Undergraduate total","3769","1975","261","252","237","-2"
"483036","Texas A & M University-Central Texas","2017","All students, Undergraduate total","1940","1149","53","516","454","-2"
"484631","University of Phoenix-California","2017","All students, Undergraduate total","8125","3097","305","745","1939","-2"
"484640","University of Phoenix-Colorado","2017","All students, Undergraduate total","225","103","3","22","23","-2"
"484668","University of Phoenix-Florida","2017","All students, Undergraduate total","592","244","6","156","120","-2"
"484677","University of Phoenix-Georgia","2017","All students, Undergraduate total","408","229","1","197","19","-2"
"484686","University of Phoenix-Louisiana","2017","All students, Undergraduate total","56","41","0","29","1","-2"
"484695","University of Phoenix-Michigan","2017","All students, Undergraduate total","132","95","1","66","5","-2"
"484710","University of Phoenix-Nevada","2017","All students, Undergraduate total","477","237","11","98","83","-2"
"484738","University of Phoenix-Oklahoma","2017","All students, Undergraduate total","12","10","0","5","2","-2"
"484747","University of Phoenix-Tennessee","2017","All students, Undergraduate total","201","141","0","120","5","-2"
"484765","University of Phoenix-Virginia","2017","All students, Undergraduate total","191","56","3","48","17","-2"
"484905","University of North Texas at Dallas","2017","All students, Undergraduate total","2687","1815","46","837","1414","-2"
"486901","Milligan College","2017","All students, Undergraduate total","859","491","17","30","38","-2"
"487524","Husson University","2017","All students, Undergraduate total","2768","1536","31","106","47","-2"
"490805","Purdue University Northwest","2017","All students, Undergraduate total","11134","6348","260","1032","1957","-2"
