"unitid","institution name","year","DRVEF2016.Full-time enrollment","DRVEF2016.Part-time enrollment"
"100654","Alabama A & M University","2016","5040","819"
"100690","Amridge University","2016","216","381"
"100724","Alabama State University","2016","4694","624"
"100812","Athens State University","2016","1217","1846"
"100830","Auburn University at Montgomery","2016","3298","1580"
"100937","Birmingham Southern College","2016","1284","9"
"101073","Concordia College Alabama","2016","305","35"
"101116","South University-Montgomery","2016","254","263"
"101189","Faulkner University","2016","2377","942"
"101435","Huntingdon College","2016","881","267"
"101480","Jacksonville State University","2016","5728","2786"
"101541","Judson College","2016","241","86"
"101587","University of West Alabama","2016","3570","416"
"101675","Miles College","2016","1771","49"
"101693","University of Mobile","2016","1266","214"
"101709","University of Montevallo","2016","2333","465"
"101879","University of North Alabama","2016","5428","1905"
"101912","Oakwood University","2016","1668","126"
"102049","Samford University","2016","5148","323"
"102234","Spring Hill College","2016","1373","103"
"102270","Stillman College","2016","579","49"
"102298","Talladega College","2016","624","51"
"102368","Troy University","2016","10635","7220"
"102377","Tuskegee University","2016","2750","101"
"102553","University of Alaska Anchorage","2016","7268","9050"
"102632","University of Alaska Southeast","2016","749","1814"
"102669","Alaska Pacific University","2016","272","269"
"104090","Brookline College-Phoenix","2016","730","488"
"104586","Embry-Riddle Aeronautical University-Prescott","2016","2312","127"
"105367","Ottawa University-Phoenix","2016","4","573"
"105589","Prescott College","2016","356","346"
"105899","Arizona Christian University","2016","656","164"
"106342","Lyon College","2016","690","17"
"106412","University of Arkansas at Pine Bluff","2016","2538","283"
"106458","Arkansas State University-Main Campus","2016","8061","6024"
"106467","Arkansas Tech University","2016","6991","4903"
"106485","University of Arkansas at Monticello","2016","2265","1659"
"106704","University of Central Arkansas","2016","8759","2728"
"106713","Central Baptist College","2016","633","194"
"107044","Harding University","2016","4817","1085"
"107071","Henderson State University","2016","2868","683"
"107080","Hendrix College","2016","1318","10"
"107141","John Brown University","2016","1737","971"
"107512","Ouachita Baptist University","2016","1468","25"
"107558","University of the Ozarks","2016","668","18"
"107600","Philander Smith College","2016","725","40"
"107877","Williams Baptist College","2016","423","46"
"107983","Southern Arkansas University Main Campus","2016","3439","1332"
"108092","University of Arkansas-Fort Smith","2016","4288","2296"
"110361","California Baptist University","2016","7087","2070"
"110413","California Lutheran University","2016","3756","418"
"110422","California Polytechnic State University-San Luis Obispo","2016","20340","966"
"110486","California State University-Bakersfield","2016","7892","1449"
"110495","California State University-Stanislaus","2016","7971","1791"
"110510","California State University-San Bernardino","2016","17507","3260"
"110529","California State Polytechnic University-Pomona","2016","21806","3520"
"110538","California State University-Chico","2016","16005","1552"
"110547","California State University-Dominguez Hills","2016","10489","4242"
"110574","California State University-East Bay","2016","12791","3064"
"110583","California State University-Long Beach","2016","31110","6666"
"110592","California State University-Los Angeles","2016","22170","5657"
"110608","California State University-Northridge","2016","31253","8663"
"110617","California State University-Sacramento","2016","24811","5699"
"111188","California State University Maritime Academy","2016","1075","32"
"111948","Chapman University","2016","7767","775"
"112075","Concordia University-Irvine","2016","3311","988"
"112084","San Diego Christian College","2016","534","177"
"112260","Claremont McKenna College","2016","1346","1"
"112394","Cogswell College","2016","483","167"
"113698","Dominican University of California","2016","1463","372"
"114813","Fresno Pacific University","2016","2528","1036"
"115083","Golden Gate University-San Francisco","2016","1003","1653"
"115409","Harvey Mudd College","2016","829","13"
"115728","Holy Names University","2016","559","307"
"115755","Humboldt State University","2016","7885","618"
"115773","Humphreys University-Stockton and Modesto Campuses","2016","325","155"
"116712","John F. Kennedy University","2016","450","504"
"116846","American Jewish University","2016","150","9"
"117627","La Sierra University","2016","2079","305"
"117751","The Master's University and Seminary","2016","1192","703"
"117946","Loyola Marymount University","2016","8212","1118"
"118541","Marymount California University","2016","904","81"
"118888","Mills College","2016","1160","185"
"119058","Middlebury Institute of International Studies at Monterey","2016","683","103"
"119173","Mount Saint Mary's University","2016","2724","772"
"119605","National University","2016","8568","8624"
"120184","Notre Dame de Namur University","2016","982","709"
"120254","Occidental College","2016","1952","17"
"120537","Hope International University","2016","963","409"
"120865","Pacific Union College","2016","1288","150"
"121257","Pitzer College","2016","1029","33"
"121309","Point Loma Nazarene University","2016","2932","1166"
"121345","Pomona College","2016","1556","7"
"121691","University of Redlands","2016","4014","1057"
"122728","William Jessup University","2016","1080","238"
"122755","San Jose State University","2016","25323","6831"
"122931","Santa Clara University","2016","7185","1237"
"123165","Scripps College","2016","1048","9"
"123457","Simpson University","2016","825","187"
"123554","Saint Mary's College of California","2016","3155","753"
"123572","Sonoma State University","2016","8185","1138"
"123651","Vanguard University of Southern California","2016","1560","544"
"124292","Thomas Aquinas College","2016","386","0"
"125727","Westmont College","2016","1275","2"
"125763","Whittier College","2016","1885","187"
"125897","Woodbury University","2016","1126","157"
"126182","Adams State University","2016","2026","1344"
"126580","University of Colorado Colorado Springs","2016","8353","4206"
"126669","Colorado Christian University","2016","2179","4853"
"126678","Colorado College","2016","2097","17"
"126827","Colorado Technical University-Colorado Springs","2016","16289","9259"
"127185","Fort Lewis College","2016","3178","422"
"127556","Colorado Mesa University","2016","7304","2431"
"127565","Metropolitan State University of Denver","2016","12792","7682"
"127653","Naropa University","2016","721","210"
"127680","National American University-Colorado Springs","2016","48","147"
"127918","Regis University","2016","5079","3289"
"128106","Colorado State University-Pueblo","2016","3833","3969"
"128328","United States Air Force Academy","2016","4237","0"
"128391","Western State Colorado University","2016","2217","691"
"128498","Albertus Magnus College","2016","1275","280"
"128744","University of Bridgeport","2016","3900","1758"
"128771","Central Connecticut State University","2016","8118","3666"
"128780","Charter Oak State College","2016","319","1264"
"128902","Connecticut College","2016","1819","46"
"129215","Eastern Connecticut State University","2016","4359","1003"
"129242","Fairfield University","2016","4270","867"
"129428","Rensselaer at Hartford","2016","0","79"
"129774","Mitchell College","2016","537","140"
"129941","University of New Haven","2016","5734","1101"
"130183","Post University","2016","2885","4796"
"130226","Quinnipiac University","2016","8229","1671"
"130253","Sacred Heart University","2016","5953","2579"
"130314","University of Saint Joseph","2016","1267","1200"
"130493","Southern Connecticut State University","2016","7723","2597"
"130590","Trinity College","2016","2162","188"
"130624","United States Coast Guard Academy","2016","986","0"
"130697","Wesleyan University","2016","3069","137"
"130776","Western Connecticut State University","2016","4195","1526"
"130934","Delaware State University","2016","3882","446"
"131098","Wesley College","2016","1387","86"
"131399","University of the District of Columbia","2016","2059","2259"
"131450","Gallaudet University","2016","1379","187"
"131803","Strayer University-District of Columbia","2016","201","926"
"131876","Trinity Washington University","2016","1177","891"
"132602","Bethune-Cookman University","2016","3681","253"
"132657","Lynn University","2016","2426","416"
"133492","Eckerd College","2016","1901","145"
"133526","Edward Waters College","2016","903","2159"
"133553","Embry-Riddle Aeronautical University-Daytona Beach","2016","5484","527"
"133711","Flagler College-St Augustine","2016","2539","82"
"133979","Florida Memorial University","2016","1247","92"
"134079","Florida Southern College","2016","2635","342"
"134149","Everest University-Pompano Beach","2016","36","184"
"134237","Full Sail University","2016","19443","0"
"134945","Jacksonville University","2016","2490","1570"
"135081","Keiser University-Ft Lauderdale","2016","12276","7412"
"135610","Trinity International University-Florida","2016","80","197"
"136172","University of North Florida","2016","10489","5273"
"136330","Palm Beach Atlantic University","2016","3041","723"
"136950","Rollins College","2016","2827","413"
"137032","Saint Leo University","2016","11192","3457"
"137476","St Thomas University","2016","2237","2425"
"137546","Stetson University","2016","4144","213"
"137564","Southeastern University","2016","4196","1608"
"137847","The University of Tampa","2016","7447","785"
"138275","Warner University","2016","952","175"
"138293","Webber International University","2016","672","40"
"138600","Agnes Scott College","2016","917","10"
"138716","Albany State University","2016","2409","632"
"138789","Armstrong State University","2016","5049","2108"
"138868","Point University","2016","1366","620"
"139144","Berry College","2016","2086","88"
"139199","Brenau University","2016","1508","1391"
"139205","Brewton-Parker College","2016","411","192"
"139311","Clayton  State University","2016","3811","3185"
"139366","Columbus State University","2016","5433","2974"
"139393","Covenant College","2016","1014","44"
"139579","South University-Savannah","2016","901","491"
"139630","Emmanuel College","2016","796","124"
"139719","Fort Valley State University","2016","2191","488"
"139764","Georgia Southwestern State University","2016","2001","953"
"139861","Georgia College & State University","2016","5845","1070"
"140234","LaGrange College","2016","944","82"
"140340","Herzing University-Atlanta","2016","521","212"
"140553","Morehouse College","2016","2020","88"
"140696","Oglethorpe University","2016","1113","71"
"140720","Paine College","2016","389","113"
"140818","Piedmont College","2016","1557","709"
"140872","Reinhardt University","2016","1328","156"
"140960","Savannah State University","2016","4254","701"
"140988","Shorter University","2016","1261","246"
"141060","Spelman College","2016","2061","64"
"141167","Thomas University","2016","584","572"
"141185","Toccoa Falls College","2016","793","459"
"141237","Truett McConnell University","2016","758","1429"
"141325","Wesleyan College","2016","525","151"
"141361","Young Harris College","2016","1109","91"
"141486","Chaminade University of Honolulu","2016","1776","501"
"141565","University of Hawaii at Hilo","2016","2863","803"
"141644","Hawaii Pacific University","2016","2997","1084"
"141981","University of Hawaii-West Oahu","2016","1566","1373"
"142294","The College of Idaho","2016","931","40"
"142328","Lewis-Clark State College","2016","2290","1634"
"142461","Northwest Nazarene University","2016","1677","480"
"142522","Brigham Young University-Idaho","2016","16538","28283"
"143084","Augustana College","2016","2523","14"
"143118","Aurora University","2016","3983","1660"
"143288","Blackburn College","2016","572","24"
"143358","Bradley University","2016","4802","796"
"144005","Chicago State University","2016","2238","1340"
"144281","Columbia College Chicago","2016","7365","755"
"144351","Concordia University-Chicago","2016","1651","3952"
"144883","East-West University","2016","507","7"
"144892","Eastern Illinois University","2016","5916","1499"
"144962","Elmhurst College","2016","2836","567"
"144971","Eureka College","2016","645","27"
"145336","Governors State University","2016","2866","2953"
"145372","Greenville University","2016","957","254"
"145646","Illinois Wesleyan University","2016","1766","5"
"145691","Illinois College","2016","955","5"
"146339","Judson University","2016","865","433"
"146393","Kendall College","2016","717","483"
"146427","Knox College","2016","1327","32"
"146481","Lake Forest College","2016","1537","41"
"146612","Lewis University","2016","4193","2351"
"146825","MacMurray College","2016","531","21"
"147013","McKendree University","2016","2006","896"
"147244","Millikin University","2016","1887","168"
"147341","Monmouth College","2016","1128","19"
"147660","North Central College","2016","2630","319"
"147679","North Park University","2016","2026","1017"
"147776","Northeastern Illinois University","2016","4674","4864"
"147828","Olivet Nazarene University","2016","3488","1419"
"148016","Principia College","2016","465","14"
"148131","Quincy University","2016","1054","274"
"148335","Robert Morris University Illinois","2016","2283","420"
"148405","Rockford University","2016","1004","283"
"148487","Roosevelt University","2016","3235","1465"
"148496","Dominican University","2016","2480","1042"
"148584","University of St Francis","2016","1529","2335"
"148627","Saint Xavier University","2016","2803","1093"
"148654","University of Illinois at Springfield","2016","3030","2398"
"149231","Southern Illinois University-Edwardsville","2016","11137","3005"
"149505","Trinity Christian College","2016","1036","250"
"149772","Western Illinois University","2016","8360","2013"
"149781","Wheaton College","2016","2649","252"
"150066","Anderson University","2016","1625","607"
"150145","Bethel College-Indiana","2016","1184","455"
"150163","Butler University","2016","4644","451"
"150172","Calumet College of Saint Joseph","2016","551","484"
"150400","DePauw University","2016","2190","35"
"150455","Earlham College","2016","1073","29"
"150534","University of Evansville","2016","2255","159"
"150604","Franklin College","2016","968","55"
"150668","Goshen College","2016","750","120"
"150677","Grace College and Theological Seminary","2016","1644","656"
"150756","Hanover College","2016","1084","6"
"150774","Holy Cross College","2016","568","50"
"150941","Huntington University","2016","1135","160"
"151102","Indiana University-Purdue University-Fort Wayne","2016","6515","5495"
"151263","University of Indianapolis","2016","4128","1583"
"151306","University of Southern Indiana","2016","6964","3704"
"151333","Indiana University-Kokomo","2016","2121","1985"
"151342","Indiana University-South Bend","2016","3941","3244"
"151360","Indiana University-Northwest","2016","2876","2715"
"151379","Indiana University-Southeast","2016","3338","2536"
"151388","Indiana University-East","2016","1893","2586"
"151777","Manchester University","2016","1569","29"
"151786","Marian University","2016","2441","724"
"151801","Indiana Wesleyan University-Marion","2016","2727","313"
"151810","Martin University","2016","214","138"
"152099","Oakland City University","2016","620","849"
"152248","Purdue University-Calumet Campus","2016","4794","4400"
"152266","Purdue University-North Central Campus","2016","2135","3957"
"152336","University of Saint Francis-Fort Wayne","2016","1667","545"
"152363","Saint Josephs College","2016","897","75"
"152381","Saint Mary-of-the-Woods College","2016","496","386"
"152390","Saint Mary's College","2016","1619","82"
"152530","Taylor University","2016","1865","305"
"152567","Trine University","2016","2038","1674"
"152600","Valparaiso University","2016","3937","475"
"152673","Wabash College","2016","842","0"
"152992","Briar Cliff University","2016","884","432"
"153001","Buena Vista University","2016","1605","509"
"153108","Central College","2016","1204","44"
"153126","Clarke University","2016","907","136"
"153144","Coe College","2016","1344","62"
"153162","Cornell College","2016","975","3"
"153250","Dordt College","2016","1378","144"
"153269","Drake University","2016","3964","1037"
"153278","University of Dubuque","2016","1906","388"
"153366","Graceland University-Lamoni","2016","1580","653"
"153375","Grand View University","2016","1657","314"
"153384","Grinnell College","2016","1658","41"
"153621","Iowa Wesleyan University","2016","480","41"
"153825","Loras College","2016","1442","82"
"153834","Luther College","2016","2131","38"
"153861","Maharishi University of Management","2016","1245","444"
"154004","Morningside College","2016","1329","1573"
"154013","Mount Mercy University","2016","1162","724"
"154022","Ashford University","2016","41359","2"
"154095","University of Northern Iowa","2016","9703","2202"
"154101","Northwestern College","2016","1046","206"
"154235","Saint Ambrose University","2016","2556","628"
"154350","Simpson College","2016","1394","214"
"154493","Upper Iowa University","2016","2783","1975"
"154518","Waldorf University","2016","1729","498"
"154527","Wartburg College","2016","1434","48"
"154590","William Penn University","2016","1146","341"
"154688","Baker University","2016","1221","1505"
"154712","Benedictine College","2016","1971","341"
"154721","Bethany College","2016","640","81"
"154749","Bethel College-North Newton","2016","441","19"
"154855","Central Christian College of Kansas","2016","791","222"
"155025","Emporia State University","2016","3884","2003"
"155061","Fort Hays State University","2016","6439","8219"
"155089","Friends University","2016","1105","571"
"155335","Newman University","2016","1144","2026"
"155414","Kansas Wesleyan University","2016","638","128"
"155511","McPherson College","2016","657","60"
"155520","MidAmerica Nazarene University","2016","1152","670"
"155627","Ottawa University-Ottawa","2016","621","64"
"155636","Ottawa University-Kansas City","2016","1","430"
"155681","Pittsburg State University","2016","5709","1393"
"155812","University of Saint Mary","2016","1110","299"
"155900","Southwestern College","2016","562","905"
"155937","Sterling College","2016","587","91"
"155973","Tabor College","2016","528","199"
"156082","Washburn University","2016","4381","2255"
"156189","Alice Lloyd College","2016","572","33"
"156213","Asbury University","2016","1337","517"
"156286","Bellarmine University","2016","2780","1193"
"156295","Berea College","2016","1616","49"
"156356","Brescia University","2016","734","275"
"156365","Campbellsville University","2016","2448","1227"
"156408","Centre College","2016","1428","2"
"156620","Eastern Kentucky University","2016","11822","5059"
"156745","Georgetown College","2016","920","606"
"157058","Kentucky State University","2016","1143","593"
"157076","Kentucky Wesleyan College","2016","663","122"
"157100","Kentucky Christian University","2016","418","138"
"157216","Lindsey Wilson College","2016","2390","198"
"157377","Midway University","2016","907","287"
"157386","Morehead State University","2016","6170","4576"
"157401","Murray State University","2016","7640","2846"
"157447","Northern Kentucky University","2016","9896","4646"
"157535","University of Pikeville","2016","1833","532"
"157793","Sullivan University","2016","2420","1042"
"157809","Thomas More College","2016","1494","470"
"157818","Transylvania University","2016","953","10"
"157863","Union College","2016","949","254"
"157951","Western Kentucky University","2016","14161","6110"
"158477","Centenary College of Louisiana","2016","482","67"
"158802","Dillard University","2016","1179","82"
"159009","Grambling State University","2016","3884","979"
"159382","Louisiana State University-Alexandria","2016","1850","1426"
"159416","Louisiana State University-Shreveport","2016","2101","2645"
"159568","Louisiana College","2016","832","261"
"159656","Loyola University New Orleans","2016","2853","826"
"159717","McNeese State University","2016","5782","1839"
"159966","Nicholls State University","2016","4816","1439"
"160038","Northwestern State University of Louisiana","2016","5457","4362"
"160065","University of Holy Cross","2016","584","456"
"160612","Southeastern Louisiana University","2016","9406","5077"
"160621","Southern University and A & M College","2016","4845","1032"
"160630","Southern University at New Orleans","2016","1697","733"
"160904","Xavier University of Louisiana","2016","2834","163"
"160959","College of the Atlantic","2016","318","26"
"160977","Bates College","2016","1780","0"
"161004","Bowdoin College","2016","1801","5"
"161086","Colby College","2016","1879","0"
"161217","University of Maine at Augusta","2016","1436","2980"
"161226","University of Maine at Farmington","2016","1662","338"
"161235","University of Maine at Fort Kent","2016","668","1236"
"161244","University of Maine at Machias","2016","420","325"
"161299","Maine Maritime Academy","2016","999","46"
"161341","University of Maine at Presque Isle","2016","704","622"
"161457","University of New England","2016","5713","2550"
"161518","Saint Joseph's College of Maine","2016","1091","1011"
"161554","University of Southern Maine","2016","4396","3459"
"161563","Thomas College","2016","893","482"
"161572","Unity College","2016","710","29"
"161873","University of Baltimore","2016","3148","2835"
"162007","Bowie State University","2016","4351","1318"
"162210","Washington Adventist University","2016","778","312"
"162283","Coppin State University","2016","2021","918"
"162584","Frostburg State University","2016","4384","1292"
"162654","Goucher College","2016","1580","592"
"162760","Hood College","2016","1266","878"
"163046","Loyola University Maryland","2016","4607","1477"
"163204","University of Maryland-University College","2016","9629","47900"
"163462","Mount St. Mary's University","2016","1813","373"
"163578","Notre Dame of Maryland University","2016","832","1700"
"163851","Salisbury University","2016","7739","1009"
"163912","St Mary's College of Maryland","2016","1578","51"
"163921","Sojourner-Douglass College","2016",,
"163976","St. John's College","2016","467","17"
"164076","Towson University","2016","17974","4369"
"164155","United States Naval Academy","2016","4528","0"
"164173","Stevenson University","2016","3151","971"
"164216","Washington College","2016","1458","21"
"164270","McDaniel College","2016","1641","1109"
"164465","Amherst College","2016","1849","0"
"164492","Anna Maria College","2016","833","553"
"164562","Assumption College","2016","2145","462"
"164632","Bay Path University","2016","1985","1240"
"164720","Becker College","2016","1571","618"
"164739","Bentley University","2016","4890","616"
"165024","Bridgewater State University","2016","8282","2716"
"165167","Cambridge College","2016","721","1709"
"165529","Curry College","2016","2164","762"
"165644","Eastern Nazarene College","2016","716","208"
"165662","Emerson College","2016","4311","131"
"165671","Emmanuel College","2016","1848","342"
"165699","Endicott College","2016","3320","1515"
"165820","Fitchburg State University","2016","3639","3124"
"165866","Framingham State University","2016","3815","2162"
"165936","Gordon College","2016","1685","319"
"166018","Hampshire College","2016","1321","0"
"166124","College of the Holy Cross","2016","2689","31"
"166391","Lasell College","2016","1774","290"
"166692","Massachusetts Maritime Academy","2016","1605","146"
"166850","Merrimack College","2016","3717","297"
"166939","Mount Holyoke College","2016","2194","133"
"166948","Mount Ida College","2016","1306","88"
"167251","Newbury College","2016","675","76"
"167288","Massachusetts College of Liberal Arts","2016","1270","374"
"167394","College of Our Lady of the Elms","2016","1050","554"
"167455","Pine Manor College","2016","483","7"
"167729","Salem State University","2016","6353","2648"
"167783","Simmons College","2016","3054","3057"
"167792","Bard College at Simon's Rock","2016","357","15"
"167835","Smith College","2016","2809","87"
"167899","Springfield College","2016","2930","214"
"167996","Stonehill College","2016","2455","26"
"168218","Wellesley College","2016","2347","135"
"168227","Wentworth Institute of Technology","2016","4000","526"
"168254","Western New England University","2016","3048","762"
"168263","Westfield State University","2016","5224","1111"
"168281","Wheaton College","2016","1638","13"
"168290","Wheelock College","2016","854","199"
"168342","Williams College","2016","2115","35"
"168430","Worcester State University","2016","4206","2265"
"168528","Adrian College","2016","1629","55"
"168546","Albion College","2016","1393","25"
"168591","Alma College","2016","1385","66"
"168786","Aquinas College","2016","1446","318"
"169080","Calvin College","2016","3640","278"
"169363","Concordia University-Ann Arbor","2016","772","274"
"169479","Davenport University","2016","2710","5023"
"169716","University of Detroit Mercy","2016","3758","1117"
"169910","Ferris State University","2016","9642","4545"
"169983","Kettering University","2016","1947","379"
"170037","Cornerstone University","2016","1650","797"
"170082","Grand Valley State University","2016","21095","4365"
"170286","Hillsdale College","2016","1469","57"
"170301","Hope College","2016","3039","195"
"170532","Kalamazoo College","2016","1437","6"
"170639","Lake Superior State University","2016","1811","288"
"170675","Lawrence Technological University","2016","1748","1561"
"170806","Madonna University","2016","1438","1860"
"170842","Marygrove College","2016","378","588"
"170967","Rochester College","2016","793","381"
"171137","University of Michigan-Dearborn","2016","5551","3580"
"171146","University of Michigan-Flint","2016","4388","3656"
"171456","Northern Michigan University","2016","6470","1395"
"171599","Olivet College","2016","951","127"
"171881","Kuyper College","2016","168","40"
"172051","Saginaw Valley State University","2016","7168","1937"
"172264","Siena Heights University","2016","1411","1229"
"172334","Spring Arbor University","2016","2455","886"
"172440","Finlandia University","2016","444","63"
"173045","Augsburg University","2016","2785","836"
"173124","Bemidji State University","2016","3499","1639"
"173142","Bethany Lutheran College","2016","514","73"
"173160","Bethel University","2016","2766","1250"
"173258","Carleton College","2016","2087","18"
"173300","Concordia College at Moorhead","2016","2066","66"
"173328","Concordia University-Saint Paul","2016","3157","1425"
"173647","Gustavus Adolphus College","2016","2219","31"
"173665","Hamline University","2016","2204","1648"
"173902","Macalester College","2016","2108","38"
"173920","Minnesota State University-Mankato","2016","11690","3475"
"173984","Argosy University-Twin Cities","2016","322","1002"
"174020","Metropolitan State University","2016","3052","5305"
"174075","University of Minnesota-Crookston","2016","1187","1489"
"174233","University of Minnesota-Duluth","2016","9416","1602"
"174251","University of Minnesota-Morris","2016","1646","125"
"174358","Minnesota State University Moorhead","2016","4459","1464"
"174394","Sanford-Brown College-Mendota Heights","2016","4","2"
"174437","North Central University","2016","903","208"
"174491","University of Northwestern-St Paul","2016","1999","1448"
"174747","College of Saint Benedict","2016","1939","19"
"174783","Saint Cloud State University","2016","9527","6217"
"174792","Saint Johns University","2016","1788","61"
"174817","Saint Mary's University of Minnesota","2016","3871","1769"
"174844","St Olaf College","2016","2990","50"
"174862","Crown College","2016","962","366"
"174899","The College of Saint Scholastica","2016","3334","1017"
"175005","St Catherine University","2016","2709","2077"
"175078","Southwest Minnesota State University","2016","2371","5124"
"175272","Winona State University","2016","6808","1331"
"175342","Alcorn State University","2016","2788","632"
"175421","Belhaven University","2016","1359","3399"
"175430","Blue Mountain College","2016","510","63"
"175616","Delta State University","2016","2619","965"
"175980","Millsaps College","2016","834","32"
"176035","Mississippi University for Women","2016","2242","714"
"176044","Mississippi Valley State University","2016","1896","559"
"176053","Mississippi College","2016","3927","1121"
"176318","Rust College","2016","872","133"
"176406","Tougaloo College","2016","826","34"
"176479","William Carey University","2016","3002","1617"
"176628","Avila University","2016","1430","328"
"176947","Central Methodist University-College of Liberal Arts and Sciences","2016","1065","29"
"176965","University of Central Missouri","2016","9695","4293"
"177065","Columbia College","2016","6481","9932"
"177144","Culver-Stockton College","2016","981","114"
"177214","Drury University","2016","2545","1024"
"177339","Evangel University","2016","1534","287"
"177418","Fontbonne University","2016","1085","441"
"177542","Hannibal-LaGrange University","2016","766","332"
"177551","Harris-Stowe State University","2016","1159","305"
"177940","Lincoln University","2016","1902","836"
"178244","Missouri Baptist University","2016","1643","4089"
"178341","Missouri Southern State University","2016","4493","1738"
"178369","Missouri Valley College","2016","1348","461"
"178387","Missouri Western State University","2016","3532","1831"
"178615","Truman State University","2016","5426","953"
"178624","Northwest Missouri State University","2016","5359","1171"
"178697","College of the Ozarks","2016","1499","18"
"178721","Park University","2016","4113","7114"
"179043","Rockhurst University","2016","1825","1029"
"179326","Southwest Baptist University","2016","2159","1532"
"179548","Stephens College","2016","725","229"
"179557","Southeast Missouri State University","2016","8344","3634"
"179566","Missouri State University-Springfield","2016","16712","6826"
"179894","Webster University","2016","4596","9310"
"179946","Westminster College","2016","867","9"
"179955","William Jewell College","2016","977","20"
"179964","William Woods University","2016","896","1180"
"180106","Carroll College","2016","1324","56"
"180179","Montana State University-Billings","2016","2669","1693"
"180258","University of Providence","2016","505","452"
"180416","Montana Tech of the University of Montana","2016","1761","271"
"180522","Montana State University-Northern","2016","893","314"
"180595","Rocky Mountain College","2016","947","53"
"180692","The University of Montana-Western","2016","1232","273"
"180814","Bellevue University","2016","7137","1759"
"180948","Chadron State College","2016","1829","1148"
"180984","Concordia University-Nebraska","2016","2060","697"
"181002","Creighton University","2016","6777","1616"
"181020","Doane University-Arts & Sciences","2016","1038","9"
"181093","Grace University","2016","278","115"
"181127","Hastings College","2016","1140","106"
"181215","University of Nebraska at Kearney","2016","4488","2300"
"181330","Midland University","2016","1283","426"
"181446","Nebraska Wesleyan University","2016","1642","417"
"181534","Peru State College","2016","1272","1299"
"181604","College of Saint Mary","2016","930","113"
"181738","Union College","2016","786","109"
"181783","Wayne State College","2016","2595","762"
"181853","York College","2016","372","52"
"182458","Sierra Nevada College","2016","851","206"
"182634","Colby-Sawyer College","2016","1014","97"
"182795","Franklin Pierce University","2016","1961","431"
"182980","New England College","2016","2589","192"
"183026","Southern New Hampshire University","2016","26009","47168"
"183062","Keene State College","2016","4048","234"
"183071","University of New Hampshire at Manchester","2016","593","217"
"183080","Plymouth State University","2016","4223","826"
"183211","Rivier University","2016","1327","1308"
"183239","Saint Anselm College","2016","1876","54"
"183257","Granite State College","2016","1009","1132"
"183275","Thomas More College of Liberal Arts","2016","92","0"
"183822","Bloomfield College","2016","1793","203"
"183910","Caldwell University","2016","1593","621"
"183974","Centenary University","2016","1357","846"
"184348","Drew University","2016","1746","383"
"184603","Fairleigh Dickinson University-Metropolitan Campus","2016","3456","4677"
"184612","Felician University","2016","1481","533"
"184694","Fairleigh Dickinson University-Florham Campus","2016","2973","360"
"184773","Georgian Court University","2016","1504","798"
"185129","New Jersey City University","2016","5529","2975"
"185262","Kean University","2016","10161","3909"
"185572","Monmouth University","2016","5186","1185"
"186201","Ramapo College of New Jersey","2016","5128","1106"
"186283","Rider University","2016","4003","1054"
"186371","Rutgers University-Camden","2016","4748","1727"
"186432","Saint Peter's University","2016","2701","843"
"186618","College of Saint Elizabeth","2016","673","527"
"186876","Stockton University","2016","7780","948"
"187046","Thomas Edison State University","2016","48","12441"
"187134","The College of New Jersey","2016","6716","680"
"187444","William Paterson University of New Jersey","2016","7823","2760"
"187648","Eastern New Mexico University-Main Campus","2016","2890","3120"
"187897","New Mexico Highlands University","2016","2082","1240"
"187967","New Mexico Institute of Mining and Technology","2016","1655","480"
"188182","University of the Southwest","2016","491","597"
"188207","Southwestern College","2016","96","74"
"188304","Western New Mexico University","2016","1673","1754"
"188641","Alfred University","2016","1888","502"
"189088","Bard College","2016","2214","90"
"189097","Barnard College","2016","2461","49"
"189705","Canisius College","2016","2959","775"
"189848","Cazenovia College","2016","858","184"
"190099","Colgate University","2016","2865","25"
"190114","Metropolitan College of New York","2016","929","130"
"190248","Concordia College-New York","2016","1037","148"
"190372","Cooper Union for the Advancement of Science and Art","2016","912","52"
"190512","CUNY Bernard M Baruch College","2016","11930","6356"
"190549","CUNY Brooklyn College","2016","10795","6785"
"190558","College of Staten Island CUNY","2016","9788","3732"
"190567","CUNY City College","2016","10530","5518"
"190594","CUNY Hunter College","2016","13697","9296"
"190600","CUNY John Jay College of Criminal Justice","2016","10182","4248"
"190637","CUNY Lehman College","2016","6834","6495"
"190646","CUNY Medgar Evers College","2016","4760","2059"
"190655","CUNY New York City College of Technology","2016","10912","6370"
"190664","CUNY Queens College","2016","12161","7471"
"190691","CUNY York College","2016","5161","3199"
"190716","D'Youville College","2016","2307","658"
"190725","Daemen College","2016","2236","524"
"190761","Dominican College of Blauvelt","2016","1532","480"
"190983","Elmira College","2016","982","205"
"191126","Fashion Institute of Technology","2016","7515","1746"
"191205","Five Towns College","2016","634","71"
"191515","Hamilton College","2016","1868","15"
"191533","Hartwick College","2016","1362","34"
"191621","Hilbert College","2016","784","82"
"191630","Hobart William Smith Colleges","2016","2255","16"
"191676","Houghton College","2016","1012","47"
"191931","Iona College","2016","3427","592"
"191968","Ithaca College","2016","6494","184"
"192192","Keuka College","2016","1551","452"
"192323","Le Moyne College","2016","2880","669"
"192439","LIU Brooklyn","2016","5723","1886"
"192448","LIU Post","2016","4024","4610"
"192703","Manhattan College","2016","3927","287"
"192749","Manhattanville College","2016","1969","865"
"192819","Marist College","2016","5259","1310"
"192864","Marymount Manhattan College","2016","1841","228"
"192925","Medaille College","2016","1601","452"
"193016","Mercy College","2016","6520","3579"
"193292","Molloy College","2016","3196","1873"
"193308","Monroe College","2016","4973","1850"
"193353","Mount Saint Mary College","2016","1832","636"
"193399","College of Mount Saint Vincent","2016","1638","272"
"193584","Nazareth College","2016","2408","475"
"193645","The College of New Rochelle","2016","2596","994"
"193973","Niagara University","2016","3400","617"
"194091","New York Institute of Technology","2016","6334","1294"
"194161","Nyack College","2016","1646","856"
"194392","Paul Smiths College of Arts and Science","2016","844","7"
"194958","Roberts Wesleyan College","2016","1535","163"
"195128","The Sage Colleges","2016","1770","943"
"195164","St Bonaventure University","2016","1779","261"
"195173","St Francis College","2016","2392","250"
"195216","St Lawrence University","2016","2382","82"
"195234","The College of Saint Rose","2016","3085","1111"
"195243","St. Thomas Aquinas College","2016","1178","674"
"195304","Sarah Lawrence College","2016","1668","68"
"195474","Siena College","2016","3111","128"
"195526","Skidmore College","2016","2643","43"
"195544","St. Joseph's College-New York","2016","3585","1534"
"196042","Farmingdale State College","2016","6942","2293"
"196112","SUNY Polytechnic Institute","2016","1894","803"
"196121","SUNY College at Brockport","2016","6720","1523"
"196130","SUNY Buffalo State","2016","8014","1461"
"196149","SUNY Cortland","2016","6395","505"
"196158","SUNY at Fredonia","2016","4399","204"
"196167","SUNY College at Geneseo","2016","5430","172"
"196176","State University of New York at New Paltz","2016","6632","996"
"196185","SUNY Oneonta","2016","5730","325"
"196194","SUNY College at Oswego","2016","7185","819"
"196200","SUNY College at Potsdam","2016","3511","185"
"196219","SUNY at Purchase College","2016","3770","386"
"196237","SUNY College at Old Westbury","2016","3759","704"
"196246","SUNY College at Plattsburgh","2016","5013","507"
"196264","SUNY Empire State College","2016","3921","7394"
"196291","SUNY Maritime College","2016","1701","131"
"196592","Touro College","2016","8630","4898"
"196680","Excelsior College","2016","0","41658"
"196866","Union College","2016","2132","71"
"197027","United States Merchant Marine Academy","2016","904","23"
"197036","United States Military Academy","2016","4389","0"
"197045","Utica College","2016","2975","2143"
"197133","Vassar College","2016","2405","19"
"197197","Wagner College","2016","1976","332"
"197230","Wells College","2016","508","2"
"197869","Appalachian State University","2016","16487","1808"
"197911","Barton College","2016","935","116"
"197984","Belmont Abbey College","2016","1406","117"
"197993","Bennett College","2016","390","84"
"198066","Brevard College","2016","693","11"
"198136","Campbell University","2016","5736","1050"
"198215","Catawba College","2016","1252","54"
"198303","Chowan University","2016","1468","66"
"198385","Davidson College","2016","1796","0"
"198507","Elizabeth City State University","2016","1208","149"
"198516","Elon University","2016","6497","242"
"198543","Fayetteville State University","2016","4514","1709"
"198598","Greensboro College","2016","769","268"
"198613","Guilford College","2016","1560","249"
"198695","High Point University","2016","4759","78"
"198756","Johnson C Smith University","2016","1386","42"
"198808","Lees-McRae College","2016","978","13"
"198835","Lenoir-Rhyne University","2016","1861","662"
"198862","Livingstone College","2016","1188","16"
"198899","Mars Hill University","2016","1268","107"
"198950","Meredith College","2016","1762","219"
"198969","Methodist University","2016","2168","278"
"199032","Montreat College","2016","538","419"
"199069","University of Mount Olive","2016","1495","1935"
"199111","University of North Carolina at Asheville","2016","3224","597"
"199157","North Carolina Central University","2016","6648","1446"
"199209","North Carolina Wesleyan College","2016","1785","301"
"199218","University of North Carolina Wilmington","2016","12786","2954"
"199272","William Peace University","2016","880","154"
"199281","University of North Carolina at Pembroke","2016","4739","1529"
"199306","Pfeiffer University","2016","863","551"
"199412","Queens University of Charlotte","2016","1432","898"
"199582","Saint Augustine's University","2016","919","25"
"199607","Salem College","2016","722","365"
"199643","Shaw University","2016","1678","166"
"199698","St. Andrews University","2016","638","84"
"199759","Southeastern Baptist Theological Seminary","2016","1448","1074"
"199865","Warren Wilson College","2016","710","6"
"199962","Wingate University","2016","2725","468"
"199999","Winston-Salem State University","2016","4396","755"
"200004","Western Carolina University","2016","8567","2238"
"200059","Dickinson State University","2016","912","474"
"200156","University of Jamestown","2016","1095","42"
"200217","University of Mary","2016","2400","860"
"200226","Mayville State University","2016","613","517"
"200253","Minot State University","2016","2132","1280"
"200572","Valley City State University","2016","802","650"
"201195","Baldwin Wallace University","2016","3476","457"
"201371","Bluffton University","2016","804","148"
"201548","Capital University","2016","2922","445"
"201654","Cedarville University","2016","3223","491"
"201690","Central State University","2016","1601","140"
"201964","Ohio Christian University","2016","2797","1864"
"202514","Defiance College","2016","519","129"
"202523","Denison University","2016","2259","18"
"202763","The University of Findlay","2016","3330","1748"
"203085","Heidelberg University","2016","1161","153"
"203128","Hiram College","2016","868","246"
"203368","John Carroll University","2016","3181","342"
"203535","Kenyon College","2016","1689","19"
"203580","Lake Erie College","2016","823","378"
"203757","Lourdes University","2016","1036","390"
"203775","Malone University","2016","1222","445"
"203845","Marietta College","2016","1128","96"
"204185","University of Mount Union","2016","2254","27"
"204194","Mount Vernon Nazarene University","2016","1965","280"
"204200","Mount Saint Joseph University","2016","1219","826"
"204264","Muskingum University","2016","1380","741"
"204468","Notre Dame College","2016","1255","730"
"204501","Oberlin College","2016","2886","26"
"204617","Ohio Dominican University","2016","1232","1174"
"204635","Ohio Northern University","2016","2888","220"
"204671","Ohio State University-Lima Campus","2016","854","185"
"204909","Ohio Wesleyan University","2016","1623","15"
"204936","Otterbein University","2016","2312","616"
"205443","Shawnee State University","2016","3152","620"
"205957","Franciscan University of Steubenville","2016","2153","606"
"206048","Tiffin University","2016","1859","1491"
"206330","Urbana University","2016","512","1723"
"206349","Ursuline College","2016","519","617"
"206437","Walsh University","2016","2041","735"
"206491","Wilberforce University","2016","504","141"
"206507","Wilmington College","2016","1069","71"
"206525","Wittenberg University","2016","1866","122"
"206589","The College of Wooster","2016","1983","20"
"206613","Wright State University-Lake Campus","2016","926","410"
"206622","Xavier University","2016","4903","1606"
"206695","Youngstown State University","2016","9497","3146"
"206835","Oklahoma Wesleyan University","2016","635","832"
"206862","Southern Nazarene University","2016","2150","36"
"206914","Cameron University","2016","3186","1660"
"206941","University of Central Oklahoma","2016","11178","5250"
"207041","East Central University","2016","3143","1017"
"207209","Langston University","2016","1985","435"
"207263","Northeastern State University","2016","5346","2763"
"207306","Northwestern Oklahoma State University","2016","1488","730"
"207324","Oklahoma Christian University","2016","2149","408"
"207351","Oklahoma Panhandle State University","2016","885","322"
"207403","Oklahoma Baptist University","2016","1871","202"
"207458","Oklahoma City University","2016","2401","567"
"207582","Oral Roberts University","2016","2958","894"
"207661","Rogers State University","2016","2380","1523"
"207689","St. Gregory's University","2016","516","186"
"207722","University of Science and Arts of Oklahoma","2016","714","99"
"207847","Southeastern Oklahoma State University","2016","2593","1132"
"207856","Southwestern Christian University","2016","650","114"
"207865","Southwestern Oklahoma State University","2016","4158","1162"
"208646","Eastern Oregon University","2016","1795","1381"
"208822","George Fox University","2016","3114","1025"
"209056","Lewis & Clark College","2016","3016","403"
"209065","Linfield College-McMinnville Campus","2016","1602","30"
"209108","Marylhurst University","2016","396","412"
"209409","Northwest Christian University","2016","530","236"
"209506","Oregon Institute of Technology","2016","2416","2807"
"209612","Pacific University","2016","3664","245"
"209825","University of Portland","2016","3818","565"
"209922","Reed College","2016","1379","48"
"210146","Southern Oregon University","2016","3912","2331"
"210304","Warner Pacific College","2016","461","22"
"210331","Corban University","2016","1075","118"
"210401","Willamette University","2016","2403","153"
"210429","Western Oregon University","2016","4360","1022"
"210492","Bryn Athyn College of the New Church","2016","295","7"
"210571","Albright College","2016","2284","34"
"210669","Allegheny College","2016","1869","51"
"210739","DeSales University","2016","2264","1045"
"210775","Alvernia University","2016","1923","949"
"210906","The Art Institutes of York-PA","2016","67","22"
"211088","Arcadia University","2016","2759","1026"
"211158","Bloomsburg University of Pennsylvania","2016","8610","1027"
"211273","Bryn Mawr College","2016","1637","71"
"211291","Bucknell University","2016","3569","57"
"211352","Cabrini University","2016","1457","979"
"211361","California University of Pennsylvania","2016","5439","2114"
"211431","Carlow University","2016","1297","958"
"211468","Cedar Crest College","2016","955","714"
"211477","Central Penn College","2016","334","1036"
"211556","Chatham University","2016","1525","585"
"211583","Chestnut Hill College","2016","1317","521"
"211608","Cheyney University of Pennsylvania","2016","679","67"
"211644","Clarion University of Pennsylvania","2016","3797","1427"
"211981","Delaware Valley University","2016","1917","459"
"212009","Dickinson College","2016","2376","44"
"212115","East Stroudsburg University of Pennsylvania","2016","5936","886"
"212133","Eastern University","2016","2267","1153"
"212160","Edinboro University of Pennsylvania","2016","4982","1199"
"212197","Elizabethtown College","2016","1747","37"
"212577","Franklin and Marshall College","2016","2225","30"
"212601","Gannon University","2016","3222","1121"
"212656","Geneva College","2016","1460","206"
"212674","Gettysburg College","2016","2378","16"
"212805","Grove City College","2016","2283","53"
"212832","Gwynedd Mercy University","2016","2448","219"
"212911","Haverford College","2016","1268","0"
"212984","Holy Family University","2016","1491","1246"
"213251","Juniata College","2016","1501","72"
"213303","Keystone College","2016","1094","367"
"213321","King's College","2016","1982","440"
"213349","Kutztown University of Pennsylvania","2016","7566","947"
"213358","La Roche College","2016","1238","317"
"213367","La Salle University","2016","3475","1722"
"213385","Lafayette College","2016","2505","45"
"213507","Lebanon Valley College","2016","1697","219"
"213598","Lincoln University","2016","1858","233"
"213613","Lock Haven University","2016","3756","464"
"213668","Lycoming College","2016","1245","18"
"213783","Mansfield University of Pennsylvania","2016","1929","251"
"213826","Marywood University","2016","2666","342"
"213987","Mercyhurst University","2016","2594","190"
"213996","Messiah College","2016","2761","544"
"214041","Millersville University of Pennsylvania","2016","6142","1772"
"214069","Misericordia University","2016","1990","818"
"214157","Moravian College","2016","1900","526"
"214175","Muhlenberg College","2016","2318","90"
"214272","Neumann University","2016","1800","1211"
"214591","Pennsylvania State University-Penn State Erie-Behrend College","2016","4218","348"
"214607","Pennsylvania State University-Penn State Great Valley","2016","78","348"
"214625","Pennsylvania State University-Penn State New Kensington","2016","534","152"
"214634","Pennsylvania State University-Penn State Shenango","2016","239","223"
"214643","Pennsylvania State University-Penn State Wilkes-Barre","2016","426","61"
"214652","Pennsylvania State University-Penn State Worthington Scranton","2016","868","151"
"214670","Pennsylvania State University-Penn State Lehigh Valley","2016","697","180"
"214689","Pennsylvania State University-Penn State Altoona","2016","3353","138"
"214698","Pennsylvania State University-Penn State Beaver","2016","634","92"
"214704","Pennsylvania State University-Penn State Berks","2016","2553","335"
"214713","Pennsylvania State University-Penn State Harrisburg","2016","4056","990"
"214731","Pennsylvania State University-Penn State Brandywine","2016","1186","193"
"214786","Pennsylvania State University-Penn State Greater Allegheny","2016","493","57"
"214801","Pennsylvania State University-Penn State Abington","2016","3143","808"
"214810","Pennsylvania State University-Penn State Schuylkill","2016","627","132"
"214829","Pennsylvania State University-Penn State York","2016","840","226"
"214883","Peirce College","2016","323","1240"
"215099","Jefferson (Philadelphia University + Thomas Jefferson University)","2016","2925","812"
"215114","Cairn University-Langhorne","2016","753","285"
"215266","University of Pittsburgh-Bradford","2016","1349","116"
"215275","University of Pittsburgh-Greensburg","2016","1438","82"
"215284","University of Pittsburgh-Johnstown","2016","2708","61"
"215442","Point Park University","2016","2943","1150"
"215691","Rosemont College","2016","671","367"
"215743","Saint Francis University","2016","1777","965"
"215770","Saint Joseph's University","2016","5185","3230"
"215798","Saint Vincent College","2016","1693","143"
"215929","University of Scranton","2016","4156","1224"
"215947","Seton Hill University","2016","1725","679"
"216010","Shippensburg University of Pennsylvania","2016","5901","1071"
"216038","Slippery Rock University of Pennsylvania","2016","7621","1233"
"216278","Susquehanna University","2016","2129","66"
"216287","Swarthmore College","2016","1542","1"
"216357","Thiel College","2016","869","25"
"216524","Ursinus College","2016","1542","14"
"216542","University of Valley Forge","2016","629","248"
"216667","Washington & Jefferson College","2016","1386","20"
"216694","Waynesburg University","2016","1441","364"
"216764","West Chester University of Pennsylvania","2016","13715","3290"
"216807","Westminster College","2016","1156","102"
"216931","Wilkes University","2016","2847","2705"
"217013","Wilson College","2016","510","587"
"217059","York College of Pennsylvania","2016","3891","612"
"217165","Bryant University","2016","3543","155"
"217235","Johnson & Wales University-Providence","2016","8666","658"
"217402","Providence College","2016","3993","575"
"217420","Rhode Island College","2016","5776","2670"
"217518","Roger Williams University","2016","4331","862"
"217536","Salve Regina University","2016","2165","581"
"217624","Allen University","2016","575","25"
"217633","Anderson University","2016","2690","742"
"217688","Charleston Southern University","2016","2937","679"
"217721","Benedict College","2016","2249","32"
"217749","Bob Jones University","2016","2402","499"
"217776","Southern Wesleyan University","2016","912","968"
"217819","College of Charleston","2016","9815","1479"
"217864","Citadel Military College of South Carolina","2016","2678","924"
"217873","Claflin University","2016","1930","48"
"217907","Coker College","2016","1026","196"
"217925","Columbia International University","2016","638","328"
"217934","Columbia College","2016","1167","421"
"217961","Converse College","2016","952","368"
"217998","Erskine College","2016","622","200"
"218061","Francis Marion University","2016","3216","658"
"218070","Furman","2016","2764","239"
"218229","Lander University","2016","2551","221"
"218238","Limestone College","2016","2197","818"
"218399","Morris College","2016","735","19"
"218414","Newberry College","2016","1052","18"
"218441","North Greenville University","2016","2016","518"
"218539","Presbyterian College","2016","1277","75"
"218645","University of South Carolina-Aiken","2016","2854","694"
"218654","University of South Carolina-Beaufort","2016","1746","259"
"218724","Coastal Carolina University","2016","9070","1409"
"218733","South Carolina State University","2016","2493","412"
"218742","University of South Carolina-Upstate","2016","4502","1319"
"218919","Voorhees College","2016","407","8"
"218964","Winthrop University","2016","5005","1104"
"218973","Wofford College","2016","1665","18"
"219000","Augustana University","2016","1584","353"
"219046","Black Hills State University","2016","2250","1994"
"219082","Dakota State University","2016","1363","1827"
"219091","Dakota Wesleyan University","2016","698","298"
"219198","Mount Marty College","2016","587","577"
"219204","National American University-Rapid City","2016","236","1307"
"219259","Northern State University","2016","1443","2144"
"219383","University of Sioux Falls","2016","1054","478"
"219602","Austin Peay State University","2016","7204","3140"
"219709","Belmont University","2016","6983","740"
"219718","Bethel University","2016","4455","1520"
"219790","Bryan College-Dayton","2016","980","501"
"219806","Carson-Newman University","2016","1955","704"
"219833","Christian Brothers University","2016","1550","588"
"219949","Cumberland University","2016","1345","618"
"220181","Fisk University","2016","738","23"
"220206","Welch College","2016","210","139"
"220215","Freed-Hardeman University","2016","1330","576"
"220516","King University","2016","2496","308"
"220552","South College","2016","1838","0"
"220598","Lane College","2016","1356","71"
"220604","Le Moyne-Owen College","2016","847","112"
"220613","Lee University","2016","4047","1255"
"220631","Lincoln Memorial University","2016","3374","880"
"220701","Martin Methodist College","2016","881","136"
"220710","Maryville College","2016","1177","19"
"221351","Rhodes College","2016","2014","15"
"221519","Sewanee-The University of the South","2016","1791","24"
"221661","Southern Adventist University","2016","2295","664"
"221731","Tennessee Wesleyan University","2016","915","122"
"221740","The University of Tennessee-Chattanooga","2016","9495","2038"
"221768","The University of Tennessee-Martin","2016","5015","1690"
"221953","Tusculum College","2016","1592","204"
"222178","Abilene Christian University","2016","3896","1014"
"222628","Amberton University","2016","128","1199"
"222831","Angelo State University","2016","5964","3617"
"222983","Austin College","2016","1271","7"
"224004","Concordia University-Texas","2016","1368","1343"
"224323","University of Dallas","2016","1600","757"
"224527","East Texas Baptist University","2016","1225","236"
"224545","Texas A&M University-Texarkana","2016","1178","882"
"225247","Hardin-Simmons University","2016","1772","433"
"225399","Houston Baptist University","2016","2472","798"
"225414","University of Houston-Clear Lake","2016","4391","4278"
"225432","University of Houston-Downtown","2016","6415","7836"
"225502","University of Houston-Victoria","2016","1963","2421"
"225548","Howard Payne University","2016","988","201"
"225575","Huston-Tillotson University","2016","923","89"
"225627","University of the Incarnate Word","2016","5801","3105"
"225885","Jarvis Christian College","2016","829","39"
"226152","Texas A & M International University","2016","5064","2326"
"226231","LeTourneau University","2016","1327","1394"
"226383","Lubbock Christian University","2016","1336","576"
"226471","University of Mary Hardin-Baylor","2016","3432","474"
"226587","McMurry University","2016","932","142"
"226833","Midwestern State University","2016","4325","1739"
"227331","Our Lady of the Lake University","2016","2837","293"
"227429","Paul Quinn College","2016","404","32"
"227845","Saint Edward's University","2016","3800","801"
"227863","University of St Thomas","2016","1746","1501"
"228042","Schreiner University","2016","1131","177"
"228149","St. Mary's University","2016","3156","411"
"228325","Southwestern Assemblies of God University","2016","1556","524"
"228343","Southwestern University","2016","1464","25"
"228431","Stephen F Austin State University","2016","10204","2538"
"228468","Southwestern Adventist University","2016","679","120"
"228501","Sul Ross State University","2016","1538","1406"
"228529","Tarleton State University","2016","8340","4709"
"228802","The University of Texas at Tyler","2016","5651","4184"
"228884","Texas College","2016","920","40"
"228981","Texas Lutheran University","2016","1225","70"
"229018","The University of Texas of the Permian Basin","2016","2363","4310"
"229160","Texas Wesleyan University","2016","1925","448"
"229267","Trinity University","2016","2368","98"
"229780","Wayland Baptist University","2016","1150","3927"
"229814","West Texas A & M University","2016","6268","3633"
"229887","Wiley College","2016","1152","127"
"230047","Brigham Young University-Hawaii","2016","2419","447"
"230603","Southern Utah University","2016","6052","3247"
"230630","Stevens-Henager College","2016","166","0"
"230737","Utah Valley University","2016","17879","17099"
"230782","Weber State University","2016","11308","15501"
"230807","Westminster College","2016","2365","329"
"230816","Bennington College","2016","776","29"
"230834","Castleton University","2016","1768","574"
"230852","Champlain College","2016","2741","2037"
"230889","Goddard College","2016","472","33"
"230898","Green Mountain College","2016","719","36"
"230913","Johnson State College","2016","923","602"
"230931","Lyndon State College","2016","966","290"
"230940","Marlboro College","2016","196","2"
"230959","Middlebury College","2016","2506","43"
"230995","Norwich University","2016","3459","760"
"231059","Saint Michael's College","2016","1907","319"
"231077","College of St Joseph","2016","233","85"
"231086","Southern Vermont College","2016","351","23"
"231095","Sterling College","2016","134","12"
"231420","Averett University","2016","828","31"
"231554","Bluefield College","2016","815","167"
"231581","Bridgewater College","2016","1876","6"
"231712","Christopher Newport University","2016","4941","101"
"232025","Emory & Henry College","2016","1106","61"
"232043","Eastern Mennonite University","2016","1210","535"
"232089","Ferrum College","2016","1271","23"
"232256","Hampden-Sydney College","2016","1026","1"
"232265","Hampton University","2016","4260","386"
"232308","Hollins University","2016","704","133"
"232423","James Madison University","2016","19597","1673"
"232566","Longwood University","2016","4089","795"
"232609","Lynchburg College","2016","2247","473"
"232672","Mary Baldwin University","2016","1193","555"
"232681","University of Mary Washington","2016","3992","734"
"232706","Marymount University","2016","2666","703"
"232937","Norfolk State University","2016","4445","976"
"233277","Radford University","2016","8662","739"
"233295","Randolph-Macon College","2016","1415","31"
"233301","Randolph College","2016","658","21"
"233374","University of Richmond","2016","3552","579"
"233426","Roanoke College","2016","1933","51"
"233611","Southern Virginia University","2016","756","44"
"233684","Strayer University-Virginia","2016","1791","4456"
"233718","Sweet Briar College","2016","365","11"
"233897","The University of Virginia's College at Wise","2016","1292","920"
"234085","Virginia Military Institute","2016","1713","0"
"234155","Virginia State University","2016","4280","304"
"234164","Virginia Union University","2016","1706","109"
"234173","Virginia Wesleyan University","2016","1319","55"
"234207","Washington and Lee University","2016","2154","6"
"234827","Central Washington University","2016","9991","1980"
"234915","City University of Seattle","2016","327","1547"
"235097","Eastern Washington University","2016","10790","1489"
"235167","The Evergreen State College","2016","3640","449"
"235316","Gonzaga University","2016","5655","1912"
"235422","Heritage University","2016","919","205"
"236133","Northwest University","2016","1126","100"
"236230","Pacific Lutheran University","2016","2904","166"
"236328","University of Puget Sound","2016","2702","89"
"236452","Saint Martin's University","2016","1165","421"
"236595","Seattle University","2016","5886","1601"
"236896","Walla Walla University","2016","1754","140"
"237011","Western Washington University","2016","14189","1385"
"237057","Whitman College","2016","1453","40"
"237066","Whitworth University","2016","2381","253"
"237118","Alderson Broaddus University","2016","1005","47"
"237181","Bethany College","2016","667","13"
"237215","Bluefield State College","2016","1117","245"
"237312","University of Charleston","2016","1849","576"
"237330","Concord University","2016","2007","444"
"237358","Davis & Elkins College","2016","771","34"
"237367","Fairmont State University","2016","3394","655"
"237385","Glenville State College","2016","1059","582"
"237525","Marshall University","2016","10178","3469"
"237640","Ohio Valley University","2016","404","153"
"237783","Salem International University","2016","847","1"
"237792","Shepherd University","2016","2782","997"
"237899","West Virginia State University","2016","1830","1684"
"237932","West Liberty University","2016","1931","386"
"237950","West Virginia University Institute of Technology","2016","975","372"
"237969","West Virginia Wesleyan College","2016","1501","41"
"238078","Wheeling Jesuit University","2016","982","307"
"238193","Alverno College","2016","1453","564"
"238333","Beloit College","2016","1337","57"
"238458","Carroll University","2016","3033","458"
"238476","Carthage College","2016","2675","255"
"238616","Concordia University-Wisconsin","2016","4669","3052"
"238980","Lakeland University","2016","908","2322"
"239017","Lawrence University","2016","1503","25"
"239071","Maranatha Baptist University","2016","696","422"
"239080","Marian University","2016","1211","763"
"239318","Milwaukee School of Engineering","2016","2587","259"
"239390","Mount Mary University","2016","1133","271"
"239512","Northland College","2016","560","22"
"239628","Ripon College","2016","783","10"
"239716","Saint Norbert College","2016","2105","106"
"239743","Silver Lake College of the Holy Family","2016","255","174"
"240107","Viterbo University","2016","1914","785"
"240189","University of Wisconsin-Whitewater","2016","10561","2096"
"240268","University of Wisconsin-Eau Claire","2016","9499","1248"
"240277","University of Wisconsin-Green Bay","2016","4149","2880"
"240329","University of Wisconsin-La Crosse","2016","9617","1020"
"240338","Wisconsin Lutheran College","2016","922","192"
"240365","University of Wisconsin-Oshkosh","2016","8599","5359"
"240374","University of Wisconsin-Parkside","2016","3280","1091"
"240392","Herzing University-Madison","2016","1015","1365"
"240417","University of Wisconsin-Stout","2016","7136","2497"
"240426","University of Wisconsin-Superior","2016","1864","625"
"240462","University of Wisconsin-Platteville","2016","7032","1747"
"240471","University of Wisconsin-River Falls","2016","4984","954"
"240480","University of Wisconsin-Stevens Point","2016","7797","830"
"240754","University of Guam","2016","2901","974"
"241100","American University of Puerto Rico","2016","538","88"
"241128","American University of Puerto Rico","2016","678","126"
"241191","Universidad Adventista de las Antillas","2016","1192","159"
"241225","Universidad Central de Bayamon","2016","1201","464"
"241377","Caribbean University-Bayamon","2016","1164","499"
"241386","Caribbean University-Carolina","2016","292","146"
"241395","Pontifical Catholic University of Puerto Rico-Arecibo","2016","854","187"
"241720","Colegio Universitario de San Juan","2016","1284","244"
"241739","Universidad Metropolitana","2016","10054","3582"
"242617","Inter American University of Puerto Rico-San German","2016","4089","633"
"242626","Inter American University of Puerto Rico-Aguadilla","2016","3562","643"
"242635","Inter American University of Puerto Rico-Arecibo","2016","3666","674"
"242644","Inter American University of Puerto Rico-Barranquitas","2016","1763","213"
"242662","Inter American University of Puerto Rico-Ponce","2016","4516","776"
"242680","Inter American University of Puerto Rico-Fajardo","2016","1884","266"
"242699","Inter American University of Puerto Rico-Guayama","2016","1543","387"
"242705","Inter American University of Puerto Rico-Bayamon","2016","3863","587"
"243081","Ponce Health Sciences University","2016","889","8"
"243106","University of Puerto Rico-Aguadilla","2016","3151","245"
"243115","University of Puerto Rico-Arecibo","2016","3859","291"
"243133","University of Puerto Rico-Bayamon","2016","4301","626"
"243142","University of Puerto Rico-Carolina","2016","3194","726"
"243151","University of Puerto Rico-Cayey","2016","3488","278"
"243179","University of Puerto Rico-Humacao","2016","3718","319"
"243197","University of Puerto Rico-Mayaguez","2016","12257","1057"
"243212","University of Puerto Rico-Ponce","2016","3401","229"
"243346","Universidad Del Este","2016","8298","4103"
"243443","Universidad del Sagrado Corazon","2016","3674","1147"
"243586","Pontifical Catholic University of Puerto Rico-Mayaguez","2016","1348","227"
"243665","University of the Virgin Islands","2016","1503","867"
"243832","EDP University of Puerto Rico Inc-San Juan","2016","1075","615"
"245652","St. John's College","2016","381","19"
"245838","Antioch University-Los Angeles","2016","540","196"
"245847","Antioch University-Santa Barbara","2016","254","75"
"245865","Antioch University-New England","2016","529","230"
"245883","Antioch University-Seattle","2016","343","225"
"245892","Antioch University-Midwest","2016","78","78"
"245953","Mid-America Christian University","2016","2339","66"
"251312","South University-Columbia","2016","668","602"
"260901","Kaplan University-Davenport Campus","2016","7699","29795"
"262086","Brandman University","2016","2632","4699"
"262129","New College of Florida","2016","875","0"
"363907","Caribbean University-Ponce","2016","720","342"
"363916","Caribbean University-Vega Baja","2016","272","112"
"366711","California State University-San Marcos","2016","10849","2295"
"366748","Argosy University-Hawaii","2016","503","469"
"367884","Hodges University","2016","932","704"
"377555","University of Washington-Bothell Campus","2016","4809","925"
"377564","University of Washington-Tacoma Campus","2016","4147","840"
"380465","University of Phoenix-Utah","2016","531","0"
"384254","Beacon College","2016","307","7"
"385619","Everglades University","2016","2303","121"
"398130","Mt Sierra College","2016","214","71"
"399911","Soka University of America","2016","430","0"
"405997","University of Phoenix-New Mexico","2016","502","0"
"407009","Arizona State University-West","2016","2909","754"
"409698","California State University-Monterey Bay","2016","6576","698"
"414823","Johnson & Wales University-North Miami","2016","1432","129"
"414878","Trine University-Regional/Non-Traditional Campuses","2016","512","206"
"420042","University of Phoenix-Hawaii","2016","1087","0"
"420574","Arizona State University-Polytechnic","2016","3748","632"
"421832","Living Arts College","2016","284","0"
"428259","Ottawa University-Milwaukee","2016","0","198"
"432241","University of Phoenix-Oregon","2016","106","0"
"433387","Western Governors University","2016","84289","0"
"433660","Florida Gulf Coast University","2016","11247","3574"
"437325","Linfield College-Online and Continuing Education","2016","20","287"
"438151","Stevens-Henager College","2016","944","0"
"438498","Stratford University","2016","1013","1912"
"438586","American InterContinental University-Atlanta","2016","1154","1051"
"439057","Argosy University-Seattle","2016","11","48"
"440031","Keck Graduate Institute","2016","524","10"
"440411","Marlboro College Graduate & Professional Studies","2016","22","49"
"440466","University of Phoenix-Idaho","2016","39","0"
"441900","Nevada State College","2016","1539","2208"
"441937","California State University-Channel Islands","2016","5530","1081"
"442569","Grantham University","2016","5151","3486"
"443128","International Technological University","2016","807","196"
"443410","DigiPen Institute of Technology","2016","956","106"
"443766","Strayer University-Tennessee","2016","196","2051"
"443784","Strayer University-Pennsylvania","2016","245","1932"
"445027","American InterContinental University","2016","4961","5130"
"445267","Central Methodist University-College of Graduate and Extended Studies","2016","1105","3193"
"445319","University of Phoenix-Minnesota","2016","31","0"
"446048","Ave Maria University","2016","1074","26"
"446640","Harrisburg University of Science and Technology","2016","2856","136"
"447050","United States University","2016","255","4"
"447272","Argosy University-Los Angeles","2016","145","330"
"447689","Georgia Gwinnett College","2016","8154","3898"
"448284","Doane University-Graduate and Professional Studies","2016","806","762"
"448309","Shorter University-College of Adult & Professional Programs","2016","213","113"
"448840","University of South Florida-St Petersburg","2016","2878","1824"
"449038","Strayer University-Florida","2016","546","1794"
"449339","American Public University System","2016","2829","45794"
"449870","University of the West","2016","264","60"
"450085","The Art Institute of Charleston","2016","358","35"
"450298","Strayer University-Delaware","2016","47","254"
"450544","Argosy University-San Diego","2016","110","187"
"450766","LIU Riverhead","2016","55","75"
"450933","Columbia Southern University","2016","14833","6609"
"451060","Digital Media Arts College","2016","187","114"
"451671","University of South Florida-Sarasota-Manatee","2016","1078","990"
"452090","Argosy University-Salt Lake City","2016","60","115"
"453163","Strayer University-North Carolina","2016","380","4656"
"454184","The King's College","2016","520","13"
"454582","Ottawa University-Online","2016","2","228"
"455770","Providence Christian College","2016","162","2"
"455992","Vermont College of Fine Arts","2016","395","1"
"456542","Geisinger Commonwealth School of Medicine","2016","499","1"
"456621","Strayer University-West Virginia","2016","21","168"
"457484","Pacific Rim Christian University","2016","84","55"
"457697","City Vision University","2016","41","96"
"458496","The Art Institute of Virginia Beach","2016","370","83"
"458919","Strayer University-Georgia","2016","886","5722"
"458973","Strayer University-Texas","2016","395","1525"
"458982","The Art Institute of San Antonio","2016","571","339"
"459268","South UniversityVirginia Beach","2016","430","213"
"459727","Touro University Worldwide","2016","530","539"
"459851","Herzing University-Brookfield","2016","203","121"
"460075","California University of Management and Sciences","2016","440","0"
"460783","Remington College-Heathrow Campus","2016","241","0"
"461236","Georgia Christian University","2016","352","11"
"461795","North American University","2016","512","228"
"462044","Institute for Doctoral Studies in the Visual Arts","2016","40","30"
"462354","John Paul the Great Catholic University","2016","266","78"
"468015","South University-The Art Institute of Fort Worth","2016","37","11"
"468024","South University-Novi","2016","218","261"
"470092","The Art Institute of Wisconsin","2016","62","37"
"475121","South UniversitySavannah Online","2016","7965","989"
"475200","Whitworth University-Adult Degree Programs","2016","36","295"
"475811","Universidad Internacional Iberoamericana","2016","409","2"
"476975","Colorado State University-Global Campus","2016","2352","9253"
"479956","Pennsylvania State University-World Campus","2016","2639","10772"
"480073","South University-Austin","2016","290","140"
"480134","Elizabethtown College School of Continuing and Professional Studies","2016","0","454"
"480198","Warner Pacific College Adult Degree Program","2016","639","0"
"480569","Florida Institute of Technology-Online","2016","1079","1695"
"481720","South University-High Point","2016","285","118"
"482158","Middle Georgia State University","2016","4796","2918"
"482422","DeVry University-Arizona","2016","381","592"
"482431","DeVry University-California","2016","1802","2834"
"482440","DeVry University-Colorado","2016","141","314"
"482459","DeVry University-Florida","2016","476","897"
"482468","DeVry University-Georgia","2016","619","1213"
"482477","DeVry University-Illinois","2016","5203","14137"
"482538","DeVry University-Missouri","2016","104","244"
"482556","DeVry University-New Jersey","2016","428","544"
"482574","DeVry University-Ohio","2016","563","1072"
"482608","DeVry University-Pennsylvania","2016","177","356"
"482635","DeVry University-Texas","2016","442","710"
"482680","University of North Georgia","2016","12717","5502"
"482705","Northeastern University Professional Advancement Network","2016","2501","7647"
"483036","Texas A & M University-Central Texas","2016","804","1815"
"484622","University of Phoenix-Arkansas","2016","85","0"
"484631","University of Phoenix-California","2016","13336","0"
"484640","University of Phoenix-Colorado","2016","583","0"
"484668","University of Phoenix-Florida","2016","1323","0"
"484677","University of Phoenix-Georgia","2016","894","0"
"484686","University of Phoenix-Louisiana","2016","171","0"
"484695","University of Phoenix-Michigan","2016","353","0"
"484701","University of Phoenix-Missouri","2016","196","0"
"484710","University of Phoenix-Nevada","2016","892","0"
"484738","University of Phoenix-Oklahoma","2016","67","0"
"484747","University of Phoenix-Tennessee","2016","604","0"
"484765","University of Phoenix-Virginia","2016","526","0"
"484783","University of Phoenix-Pennsylvania","2016","248","0"
"484905","University of North Texas at Dallas","2016","1816","1214"
"486901","Milligan College","2016","1008","187"
"487524","Husson University","2016","2767","904"
"490805","Purdue University Northwest","2016",,
